id,nama_stasiun,wilayah_operasi,kecamatan,zona,x,y,z,lat,long
,Stasiun Jakarta Kota (JAKK),DAOP 1 JAKARTA,Taman Sari,48S/48M,700800 m E,9321250 m S,4 m,-6.188,"106,815"
,Stasiun Jayakarta (JYK),DAOP 1 JAKARTA,Sawah Besar,48S/48M,701750 m E,9320800 m S,13 m,-6.142,"106,823"
,Stasiun Mangga Besar (MGB),DAOP 1 JAKARTA,Taman Sari,48S/48M,702180 m E,9319900 m S,14 m,-6.15,"106,827"
,Stasiun Sawah Besar (SW),DAOP 1 JAKARTA,Taman Sari,48S/48M,702250 m E,9318650 m S,15 m,-6.161,"106,828"
,Stasiun Juanda (JUA),DAOP 1 JAKARTA,Sawah Besar,48S/48M,792550 m E,9318050 m S,15 m,-6.166,106.83
,Stasiun Gambir (GMR),DAOP 1 JAKARTA,Gambir,48S/48M,702550 m E,9316950 m S,16 m,-6.176,"106,831"
,Stasiun Gondangdia (GDD),DAOP 1 JAKARTA,Menteng,48S/48M,702780 m E,9315850 m S,15 m,-6.186,"106,833"
,Stasiun Cikini (CK),DAOP 1 JAKARTA,Menteng,48S/48M,703700 m E,9314530 m S,20 m,-6.198,"106,841"
,Stasiun Tangerang (TNG),DAOP 1 JAKARTA,Tangerang,48S/48M,680650 m E,9316950 m S,18 m,-6.177,"106,633"
,Stasiun Tanah Tinggi (TTI),DAOP 1 JAKARTA,Tangerang,48S/48M,682070 m E,9317120 m S,14 m,-6.175,"106,645"
,Stasiun Bandara Soekarno-Hatta (BST),DAOP 1 JAKARTA,Benda,48S/48M,682850 m E,9322450 m S,12 m,-6.127,"106,652"
,Stasiun Batuceper (BPR),DAOP 1 JAKARTA,Cipondoh,48S/48M,684160 m E,9317470 m S,10 m,-6.172,"106,664"
,Stasiun Poris (PI),DAOP 1 JAKARTA,Cipondoh,48S/48M,685900 m E,9317720 m S,11 m,-6.17,106.68
,Stasiun Kalideres (KDS),DAOP 1 JAKARTA,Panjaringan,48S/48M,688520 m E,9318140 m S,7 m,-6.166,"106,704"
,Stasiun Rawa Buaya (RW),DAOP 1 JAKARTA,Cengkareng,48S/48M,690720 m E,9318500 m S,6 m,-6.163,"106,724"
,Stasiun Bojong Indah (BO,DAOP 1 JAKARTA,Cengkareng,48S/48M,692120 m E,9318770 m S,16 m,-6.167,"106,736"
,Stasiun Taman Kota (TKO),DAOP 1 JAKARTA,Kembangan,48S/48M,694320 m E,9318950 m S,12 m,-6.189,"106,756"
,Stasiun Pesing (PSG),DAOP 1 JAKARTA,Grogoll,48S/48M,696020 m E,9318650 m S,5 m,-6.161,"106,771"
,Stasiun Grogol (GGL),DAOP 1 JAKARTA,Grog,48S/48M,698000 m E,9318550 m S,20 m,-6.162,"106,789"
,Stasiun Ancol (AC),DAOP 1 JAKARTA,Pademangan,48S/48M,704180 m E,9322290 m S,3 m,-6.128,"106,845"
,Stasiun Tanjung Priok (TPK) oe,DAOP 1 JAKARTA,Tanjung priok,48S/48M,708170 m E,9324150 m S,4 m,-6.111,"106,881"
,Stasiun Kampung Bandan (KPB),DAOP 1 JAKARTA,Pademangan,48S/48M,702360 m E,9321830 m S,3 m,-6.132,"106,829"
,Stasiun Angke (AK),DAOP 1 JAKARTA,Tambora,48S/48M,699270 m E,9320480 m S,3 m,-6.145,"106,801"
,Stasiun Duri (DU),DAOP 1 JAKARTA,Tambora,48S/48M,699320 m E,9319300 m S,4 m,-6.155,"106,801"
,Stasiun Rajawali (RJW),DAOP 1 JAKARTA,Pademangan,48S/48M,703250 m E,9320420 m S,4 m,-6.145,"106,837"
,Stasiun Kemayoran (KMO),DAOP 1 JAKARTA,Kemayoran,48S/48M,703760 m E,9318550 m S,4 m,-6.162,"106,841"
,Stasiun Pasar Senen (PSE),DAOP 1 JAKARTA,Senen,48S/48M,704080 m E,9317120 m S,4.7 m,-6.175,"106,844"
,Stasiun Gang Sentiang (GST),DAOP 1 JAKARTA,Senen,48S/48M,704780 m E,9315870 m S,7 m,-6.186,"106,851"
,Stasiun Kramat (KMT),DAOP 1 JAKARTA,Senen,48S/48M,705420 m E,9315020 m S,10 m,-6.194,"106,857"
,Stasiun Pondok Jati (POK),DAOP 1 JAKARTA,Matraman,48S/48M,706050 m E,9313320 m S,14 m,-6.209,"106,862"
,Stasiun Jatinegara (JNG),DAOP 1 JAKARTA,Matraman,48S/48M,706950 m E,9312650 m S,16 m,-6.215,106.87
,Stasiun Cipinang (CPN),DAOP 1 JAKARTA,Pulo gadung,48S/48M,708580 m E,9312750 m S,14 m,-6.214,"106,885"
,Stasiun Klender (KLD),DAOP 1 JAKARTA,Pulo gadung,48S/48M,710150 m E,9312830 m S,10 m,-6.213,"108,899"
,Stasiun Buaran (BUA) si,DAOP 1 JAKARTA,Cakung,48S/48M,712680 m E,9312680 m S,4 m,-6.216,"106,922"
,Stasiun Klender Baru (KLDB),DAOP 1 JAKARTA,Cakung,48S/48M,714650 m E,9312350 m S,11 m,-6.218,106.94
,Stasiun Cakung (CUK),DAOP 1 JAKARTA,Cakung,48S/48M,716000 m E,9312150 m S,4 m,-6.219,"106,952"
,Stasiun Kranji (KRI),DAOP 1 JAKARTA,Bekasi Barat,48S/48M,719050 m E,9311550 m S,18 m,-6.225,106.98
,Stasiun Tanah Abang (THB),DAOP 1 JAKARTA,Tanah Abang,48S/48M,700360 m E,9315920 m S,9 m,-6.186,106.8117
,Stasiun Palmerah (PLM),DAOP 1 JAKARTA,Tanah Abang,48S/48M,698870 m E,9313550 m S,413 m,-6.207,"106,797"
,Stasiun Kebayoran (KBY),DAOP 1 JAKARTA,Kebayoran Lama,48S/48M,697220 m E,9310250 m S,"4,2 m",-6.237,"106,783"
,Stasiun Karet (KAT),DAOP 1 JAKARTA,Tanah Abang,48S/48M,700820 m E,9314250 m S,11 m,-6.201,"106,816"
,Stasiun Sudi rman Baru (SDB),DAOP 1 JAKARTA,Tanah Abang,48S/48M,701350 m E,9314150 m S,9 m,-6.202,106.82
,Stasiun Sudiman (SUD),DAOP 1 JAKARTA,Menteng,48S/48M,701750 m E,9314070 m S,"5,65 m",-6.202,"106,823"
,Stasiun Manggarai (MRI),DAOP 1 JAKARTA,Tebet,48S/48M,704720 m E,9313180 m S,43 m,-6.21,106.85
,Stasiun Tebet (TEB),DAOP 1 JAKARTA,Tebet,48S/48M,705600 m E,9311450 m S,4 m,-6.226,"106,858"
,Stasiun Cawang (CW),DAOP 1 JAKARTA,Tebet,48S/48M,705650 m E,9309600 m S,26 m,-6.243,"106,859"
,Stasiun Duren Kalibata (DRN),DAOP 1 JAKARTA,Pancoran ae,48S/48M,705220 m E,9308200 m S,26 m,-6.255,"106,855"
,Stasiun Pasar Minggu Baru (PSMB),DAOP 1 JAKARTA,Pancoran,48S/48M,704870 m E,9307380 m S,29 m,-6.263,"106,852"
,Stasiun Pasar Minggu (PSM),DAOP 1 JAKARTA,Pasar Minggu,48S/48M,704050 m E,9305000 m S,36 m,-6.284,"106,844"
,Stasiun Tanjung Barat (TNT),DAOP 1 JAKARTA,Jagakarsa,48S/48M,703420 m E,9302400 m S,44 m,-6.308,106.8397
,Stasiun Lenteng Agung (LNA),DAOP 1 JAKARTA,Jagakarsa,48S/48M,702970 m E,9299900 m S,57 m,-6.331,107
,Stasiun Universitas Pancasila (UP),DAOP 1 JAKARTA,Jagakarsa,48S/48M,702920 m E,9299000 m S,57 m,-6.339,"106,834"
,Stasiun Universitas Indonesia (Ul),DAOP 1 JAKARTA,Beji,48S/48M,702610 m E,9296550 m S,69 m,-6.361,"106,832"
,Stasiun Pondok Cina (POC),DAOP 1 JAKARTA,Beji,48S/48M,702650 m E,9295620 m S,74 m,-6.369,"106,832"
,Stasiun Depok Baru (DPB),DAOP 1 JAKARTA,Pancoran Mas,48S/48M,701480 m E,9293180 m S,93 m,-6.391,"106,822"
,Stasiun Depok (DP),DAOP 1 JAKARTA,Pancoran Mas,48S/48M,700990 m E,9291670 m S,93 m,-6.405,"106,817"
,Stasiun Citayam (CTA),DAOP 1 JAKARTA,Cipayung,48S/48M,699350 m E,9286830 m S,420 m,-6.449,"106,803"
,Stasiun BojongGede (BJD),DAOP 1 JAKARTA,Bojong Gede,48S/48M,98480 m E,9281920 m S,440 m,-6.493,"106,795"
,Stasiun Cilebut (CLT),DAOP 1 JAKARTA,Bojong Gede,48S/48M,699100 m E,9277800 m S,4 m,-8.535,"106,801"
,Stasiun Bogor (BOO),DAOP 1 JAKARTA,Bogor Tengah,48S/48M,697950 m E,9270600 m S,246 m,-6.596,106.79
,Stasiun Paledang (PLG),DAOP 1 JAKARTA,Bogor Tengah,48S/48M,697970 m E,9270350 m S,246 m,-6.598,"106,791"
,Stasiun Batutulis (BT),DAOP 1 JAKARTA,Bogor Selatan,48S/48M,700060 m E,9267230 m S,999 m,-6.6265,106.81
,Stasiun Ciomas (COM),DAOP 1 JAKARTA,Bogor Selatan,48S/48M,700860 m E,9263060 m S,349 m,-6.664,"106,817"
,Stasiun Maseng (MSG),DAOP 1 JAKARTA,Cigombong,48S/48M,700580 m E,9258760 m S,425 m,-6.703,"106,815"
,Stasiun Cigombong (CGB),DAOP 1 JAKARTA,Cigombong,48S/48M,699300 m E,9254380 m S,699 m,-6.742,"106,803"
,Stasiun Cicurug (CCR),DAOP 1 JAKARTA,Cicurug,48S/48M,696670 m E,9249050 m S,478 m,-6.79,106.78
,Stasiun Cijambe (CJE),DAOP 1 JAKARTA,ParungKuda,48S/48M,694490 m E,9246030 m S,438 m,-6.818,106.76
,Stasiun Parung Kuda (PRK),DAOP 1 JAKARTA,Parung Kuda,48S/48M,694560 m E,9242850 m S,396 m,-6.847,106.761
,Stasiun Cibadak (CBD),DAOP 1 JAKARTA,Cibadak,48S/48M,696720 m E,9238250 m S,380 m,-6.8885,106.78
,Stasiun Karang Tengah (KE),DAOP 1 JAKARTA,Cibadak,48S/48M,701370 m E,9237320 m S,477 m,-6.8967,"106,822"
,Halte Pondok Leungsir (PON),DAOP 1 JAKARTA,Cicantayan,48S/48M,704760 m E,9236355 m S,537 m,-6.905,106.853
,Stasiun Cisaat (CSA),DAOP 1 JAKARTA,Cisaat,48S/48M,708550 m E,9235350 m S,584 m,-6.914,"106,887"
,Stasiun Sukabumi (SI),DAOP 1 JAKARTA,Cikole,48S/48M,713190 m E,9234100 m S,584 m,-6.925,106.93
,Stasiun Bekasi (BKS),DAOP 1 JAKARTA,Bekasi Utara,48S/48M,721220 m E,9310270 m S,419 m,-6.236,"106,999"
,Stasiun Bekasi Timur (BKST),DAOP 1 JAKARTA,Bekasi Timur,48S/48M,723270 m E,9309080 m S,19 m,-6.2475,"107,018"
,Stasiun Tambun (TB),DAOP 1 JAKARTA,Tambun Selatan,48S/48M,727450 m E,9307750 m S,49 m,-6.259,107.056
,Stasiun Cibitung (CIT),DAOP 1 JAKARTA,Cibitung,48S/48M,730520 m E,9307380 m S,49 m,-6.262,107.084
,Stasiun Cikarang (CKR),DAOP 1 JAKARTA,Cikarang Utara,48S/48M,737360 m E,9308070 m S,18 m,-6.2557,"107,145"
,Stasiun Lemahabang (LMB),DAOP 1 JAKARTA,Cikarang Utara,48S/48M,741170 m E,9306380 m S,46 m,-6.271,107.18
,Stasiun Kedunggedeh (KDH),DAOP 1 JAKARTA,Kedungwaringin,48S/48M,750170 m E,9306400 m S,44 m,-6.27,"107,261"
,Stasiun Karawang (KW),DAOP 1 JAKARTA,Karawang Barat,48S/48M,754470 m E,9302500 m S,16 m,-6.305,107.3
,Stasiun Klari (KLI),DAOP 1 JAKARTA,Klari,48S/48M,759450 m E,9297520 m S,23 m,-6.357,107.3458
,Stasiun Kosambi (KOS),DAOP 1 JAKARTA,Klari,48S/48M,769170 m E,9292700 m S,28 m,-6.393,"107,433"
,Stasiun Dawuan (DWN),DAOP 1 JAKARTA,Cikampek oo,48S/48M,762700 m E,9295380 m S,31 m,-6.369,"107,375"
,Stasiun Cikampek (CKP),DAOP 1 JAKARTA,Cikampek Utara,48S/48M,772000 m E,9291200 m S,48 m,-6.407,"107,459"
,Stasiun Pondok Ranji (PDJ),DAOP 1 JAKARTA,Ciputat Timur,48S/48M,693040 m E,9305920 m S,25 m,-6.276,"106,745"
,Stasiun Jurangmangu (JRU),DAOP 1 JAKARTA,Ciputat,48S/48M,691280 m E,9304550 m S,25 m,-6.289,106.729
,Stasiun Sudimara (SDM),DAOP 1 JAKARTA,Ciputat,48S/48M,689470 m E,9303650 m S,26 m,-6.297,"106,713"
,Stasiun Rawa Buntu (RU),DAOP 1 JAKARTA,Serpong,48S/48M,685420 m E,9301670 m S,48 m,-6.315,"106,676"
,Stasiun Serpong (SRP),DAOP 1 JAKARTA,Serpong,48S/48M,684350 m E,9301120 m S,46 m,-6.325,"106,667"
,Stasiun Cisauk (CSK),DAOP 1 JAKARTA,Cisauk,48S/48M,681500 m E,9300580 m S,33 m,-6.325,"106,641"
,Stasiun Cicayur (CCR),DAOP 1 JAKARTA,Cisauk,48S/48M,679080 m E,9300080 m S,4 m,-6.33,"106,619"
,Stasiun Parung Panjang (PRP),DAOP 1 JAKARTA,Parung Panjang,48S/48M,673650 m E,9298480 m S,54 m,-6.344,106.57
,Stasiun Cilejit (CLI),DAOP 1 JAKARTA,Tenjo,48S/48M,667000 m E,9297370 m S,53 m,-6.354,106.51
,Stasiun Daru (DR),DAOP 1 JAKARTA,Jambe Oo,48S/48M,665080 m E,9299180 m S,5 m,-6.338,"106,492"
,Stasiun Tenjo (TJ),DAOP 1 JAKARTA,Tenjo oe,48S/48M,661650 m E,9300390 m S,,-6.327,"106,461"
,Stasiun Tigaraksa (TGS),DAOP 1 JAKARTA,Soler si,4835/48M,658700 m E,9300270 m S,,-6.328,"106,435"
,Stasiun Cikoya (CKY),DAOP 1 JAKARTA,Soka,48S/48M,656150 m E,9299480 m S,36 m,-6.336,"106,412"
,Stasiun Maja (MJ),DAOP 1 JAKARTA,Kopo,48S/48M-,654470 m E,9299850 m S,40 m,-6.332,"106,397"
,Stasiun Citeras (CTR),DAOP 1 JAKARTA,Rangkasbitung,48S/48M,647400 m E,9299570 m S,48 m,-6.335,"106,333"
,Stasiun Rangkasbitung (RK),DAOP 1 JAKARTA,Rangkasbitung,-48S/48M,638420 m E,9297650 m S,22 m,-6.3537,"106,251"
,Stasiun Jambu Baru (JBU),DAOP 1 JAKARTA,Tanjung Teja,48S/48M,639440 m E,9303130 m S,48 m,-6.303,"108,261"
,Stasiun Catang (CT),DAOP 1 JAKARTA,Tanjung Teja,48S/48M,640270 m E,9307250 m S,7 m,-6.266,"106,268"
,Stasiun Cikeusal (CKL),DAOP 1 JAKARTA,Cikeusal,48S/48M,637700 m E,9312650 m S,35 m,-6.217,"106,245"
,Stas un Wa lantaka (WLT),DAOP 1 JAKARTA,Walantaka,48S/48M,934860 m E,9319460 m S,85 m,-6.155,"106,219"
,Stasiun Serang (SG),DAOP 1 JAKARTA,Serang,48S/ 48M,628200 m E,9324250 m S,7 m,-6.112,"108,159"
,Stasiun Karangantu (KRA),DAOP 1 JAKARTA,Karangantu Lama,48S/48M,628590 m E,9332350 m S,361 m,-6.039,"106,162"
,Stasiun Tonjong Baru (TO),DAOP 1 JAKARTA,Kramatwatu,48S/48M,624100 m E,9333200 m S,4 m,-6.031,"106,121"
,Stasiun Cilegon (CLG),DAOP 1 JAKARTA,Jombang,48S/48M,616550 m E,9334520 m S,44 m,-6.025,"108,053"
,Stasiun Krenceng (KEN),DAOP 1 JAKARTA,Krenceng Lama,48S/48M-,613230 m E,9335610 m S,1615 m,-6.01,"106,023"
,Stasiun Merak (MER),DAOP 1 JAKARTA,Pulo Merak,485/48M,610350 m E,9344410 m S,3 m,-5.93,105.997
,Stasiun Pondok Rajeg (PDRJ),DAOP 1 JAKARTA,Cibinong,48S/48M,701780 m E,9285510 m S,124 m,-6.4619,"106,825"
,Stasiun Cibinong (CBN),DAOP 1 JAKARTA,Cibinong,48S/48M,704870 m E,9285100 m S,192 m,-6.404,"106,852"
,Stasiun Gunung Putri (GNP),DAOP 1 JAKARTA,Gunung Putri,48S/48M,708850 m E,9284250 m S,415 m,-6.472,"106,889"
,Stasiun Nambo (NMQ),DAOP 1 JAKARTA,Klapanunggal,48S/48M,710810 m E,9284850 m S,4 m,-6.486,106.9067
,Stasiun Cikampek (CKP),DAOP 2 BANDUNG,Cikampek,48S/48M,772000 m E,9291200 m S,46 m,-6.406574,107.458912
,Stasiun Cibungur (CBR),DAOP 2 BANDUNG,Bungursari/Purwakarta,48S/48M,774250 m E,9284400 m S,77 m,-6.467932,107.479538
,Stasiun Sadang (SAD),DAOP 2 BANDUNG,Babakancikao/Cikao,48S/48M,771650 m E,9279680 m S,94 m,-6.510704,107.456253
,Stasiun Purwakarta (PWK),DAOP 2 BANDUNG,Purwakarta,48S/48M,770550 m E,9275000 m S,84 m,-6.55305,107.446518
,Stasiun Ciganea (CA),DAOP 2 BANDUNG,Jatiluhur,48S/48M,768800 m E,9272750 m S,141 m,-6.573462,107.430802
,Stasiun Sukatani (SUT),DAOP 2 BANDUNG,Sukatani,48S/48M,766300 m E,9268600 m S,226 m,-6.611079,107.408388
,Stasiun Plered (PLD),DAOP 2 BANDUNG,Plered,48S/48M,764350 m E,9265300 m S,257 m,-6.64099,107.390907
,Stasiun Cisomang (CG),DAOP 2 BANDUNG,Darangdan,48S/48M,765100 m E,9260300 m S,338 m,-6.686148,107.397906
,Stasiun Cikadondong (CD),DAOP 2 BANDUNG,Cikalong,48S/48M,764300 m E,9257050 m S,408 m,-6.715557,107.390817
,Stasiun Rendeh (RH),DAOP 2 BANDUNG,Cikalong,48S/48M,769140 m E,9254770 m S,447 m,-6.736127,107.398513
,Stasiun Maswati (MSI),DAOP 2 BANDUNG,Cikalong,48S/48M,766280 m E,92522020 m S,499 m,-6.760931,107.408942
,Stasiun Sasaksaat (SKT),DAOP 2 BANDUNG,Cipatat,48S/48M,768810 m E,9249900 m S,595 m,-6.779977,107.431912
,Stasiun Cilame (CLE),DAOP 2 BANDUNG,Padalarang,48S/48M,772300 m E,9247300 m S,635 m,-6.803316,107.463585
,Stasiun Padalarang (PDL),DAOP 2 BANDUNG,Padalarang,48S/48M,776000 m E,9242900 m S,695 m,-6.842909,107.497245
,Stasiun Gadobangkong (GK),DAOP 2 BANDUNG,Ngamprah,48S/48M,777950 m E,9240500 m S,713 m,-6.864506,107.514991
,Stasiun Cimahi (CMI),DAOP 2 BANDUNG,Cimahi Tengah,48S/48M,780250 m E,9237159 m S,732 m,-6.885634,107.535901
,Stasiun Cimindi (CMD),DAOP 2 BANDUNG,Andir,48S/48M,783030 m E,9236970 m S,736 m,-6.896163,107.561097
,Stasiun Andir (AND),DAOP 2 BANDUNG,Andir,48S/48M,785030 m E,9235630 m S,730 m,-6.908175,107.579248
,Stasiun Ciroyom (CIR),DAOP 2 BANDUNG,Andir,48S/48M,786240 m E,9234970 m S,709 m,-6.91408,107.590222
,Stasiun Bandung (BD),DAOP 2 BANDUNG,Andir,48S/48M,787600 m E,9235000 m S,709 m,-6.913742,107.602519
,Stasiun Cikudapateuh (CTH),DAOP 2 BANDUNG,Batununggal,48S/48M,790180 m E,9234420 m S,691 m,-6.918855,107.625878
,Stasiun Kiaracondong (KAC),DAOP 2 BANDUNG,Kiaracondong,48S/48M,792400 m E,9233750 m S,681 m,-6.924798,107.645986
,Stasiun Gedebage (GDB),DAOP 2 BANDUNG,Gedebage,48S/48M,797190 m E,9231930 m S,672 m,-6.941,107.689393
,Stasiun Cimekar (CMK),DAOP 2 BANDUNG,Cileunyi,48S/48M,799950 m E,9230950 m S,670 m,-6.949713,107.714401
,Stasiun Rancaekek (RCK),DAOP 2 BANDUNG,Rancaekek,48S/48M,804530 m E,9220250 m S,672 m,-6.964834,107.755905
,Stasiun Haurpugur (HRP),DAOP 2 BANDUNG,Rancaekek,48S/48M,809380 m E,9227450 m S,689 m,-6.980839,107.799857
,Stasiun Cicalengka (CCL),DAOP 2 BANDUNG,Cicalengka,48S/48M,813030 m E,9227350 m S,689 m,-6.981546,107.832867
,Stasiun Nagreg (NG),DAOP 2 BANDUNG,Nagreg,48S/48M,818900 m E,9223250 m S,848 m,-7.018265,107.886172
,Stasiun Lebak Jero (LBJ) oo,DAOP 2 BANDUNG,Nagreg,48S/48M,819730 m E,9219320 m S,818 m,-7.083724,107.893897
,Stasiun Leles (LL),DAOP 2 BANDUNG,Kadungora,48S/48M,820350 m E,9215920 m S,697 m,-7.084405,107.899696
,Stasiun Karangsari (KRAl),DAOP 2 BANDUNG,Luwigoong,48S/48M,823820 m E,9214370 m S,617 m,-7.098211,107.931166
,Stasiun Cibatu (CB),DAOP 2 BANDUNG,Cibatu,48S/48M,829150 m E,9214130 m S,612 m,-7.100072,107.979382
,Stasiun Warungbandrek (WB),DAOP 2 BANDUNG,Cibatu / 5009314,49S / 49 M,169310 m E,9218030 m S,612 m,-7.064752,108.006919
,Stasiun Bumiwalaya (BMW),DAOP 2 BANDUNG,Malangbong / 5009601,49S / 49 M,176340 m E,9218750 m S,541 m,-7.058651,108.070531
,Stasiun Cipeundeuy (CPD),DAOP 2 BANDUNG,Malangbong / 5009601,49S / 49 M,179700 m E,9214900 m S,772 m,-7.093623,108.100699
,Stasiun Cirahayu (CAA),DAOP 2 BANDUNG,Kadipaten / 5009515,49S / 49 M,181650 m E,9210380 m S,619 m,-7.134568,108.11808
,Stasiun Ciawi (CAW),DAOP 2 BANDUNG,Ciawi / 5009308,49S / 49 M,184720 m E,9207860 m S,510 m,-7.157508,108.145706
,Stasiun Rajapolah (RJP),DAOP 2 BANDUNG,Sukaratu / 5009770,49S / 49 M,189780 m E,9201020 m S,459 m,-7.219589,108.191098
,Stasiun Indihiang (IH),DAOP 2 BANDUNG,Indihiang / 5009488,49S / 49 M,190890 m E,9193590 m S,384 m,-7.286781,108.200725
,Stasiun Tasikmalaya (TSM),DAOP 2 BANDUNG,Tawang / 5009819,49S / 49 M,193460 m E,9189670 m S,324 m,-7.322342,108.223762
,Stasiun Awipari (AWP),DAOP 2 BANDUNG,Cibeureum / 5009321,49S / 49 M,199060 m E,9186210 m S,327 m,-7.353915,108.274249
,Stasiun Manonjaya (MNJ),DAOP 2 BANDUNG,Manonjaya / 5009611,49S / 49 M,202200 m E,9186310 m S,292 m,-7.353183,108.302673
,Stasiun Ciamis (CI),DAOP 2 BANDUNG,Ciamis / 501216,49S / 49 M,208070 m E,9189000 m S,199 m,-7.329193,108.355946
,Stasiun Bojong (BJG),DAOP 2 BANDUNG,Cijeungjing / 5009360,49S / 49 M,216300 m E,9187040 m S,124 m,-7.347337,108.430332
,Stasiun Karangpucung (KNP),DAOP 2 BANDUNG,Banjar / 501213,49S / 49 M,223340 m E,9186380 m S,45 m,-7.353662,108.494023
,Stasiun Banjar (BJR),DAOP 2 BANDUNG,Pataruman / 5009681,49S / 49 M,228650 m E,9183900 m S,32 m,-7.376341,108.541967
,Stasiun Tagogapu (TAU),DAOP 2 BANDUNG,Padalarang / 5009635,48 S / 48 M,772450 m E,9246450 m S,595 m,-6.810991,107.464981
,Stasiun Cipatat (CPT),DAOP 2 BANDUNG,Cipatat / 5009419,48 S / 48 M,763710 m E,9245270 m S,387 m,-6.822053,107.386006
,Stasiun Rajamandala (RM),DAOP 2 BANDUNG,Cipatat / 5009419,48 S / 48 M,759350 m E,9245020 m S,319 m,-6.824506,107.346591
,Stasiun Cipeuyeum (CPU),DAOP 2 BANDUNG,Haurwangi / 5009486,48 S / 48 M,754000 m E,9245720 m S,272 m,-6.818412,107.298181
,Stasiun Ciranjang (CRJ),DAOP 2 BANDUNG,Ciranjang / 5009429,48 S / 48 M,748800 m E,9246220 m S,262 m,-6.814114,107.251136
,Stasiun Salajambe (SLJ),DAOP 2 BANDUNG,Sukaluyu / 5009762,48 S / 48 M,745650 m E,9246300 m S,282 m,-6.813523,107.222646
,Stasiun Cianjur (CJ),DAOP 2 BANDUNG,Cianjur / 501217,48 S / 48 M,738800 m E,9245100 m S,439 m,-6.824732,107.142658
,Stasiun Cibeber (CBB),DAOP 2 BANDUNG,Cibeber / 5009316,48 S / 48 M,734370 m E,9232630 m S,456 m,-6.937555,107.121181
,Stasiun Lampegan (LP),DAOP 2 BANDUNG,Cibeber / 5009316,48 S / 48 M,727750 m E,9231270 m S,439 m,-6.950113,107.061347
,Stasiun Cirengas (CRG),DAOP 2 BANDUNG,Cireunghas / 5009430,48 S / 48 M,725070 m E,9230350 m S,587 m,-6.958535,107.037137
,Stasiun Gandasoli (GDS),DAOP 2 BANDUNG,Cireunghas / 5009438,48 S / 48 M,720100 m E,9232250 m S,580 m,-6.94155,106.992099
,Stasiun Sukabumi (SI),DAOP 2 BANDUNG,Cikole / 5009383,48 S / 48 M,713190 m E,9234100 m S,584 m,-6.925083,106.929514
,Tanjungrasa,DAOP 3 CIREBON,Patokbeusi,48 S / 48 M,81050 m E,9290950 m S,35 m,-6.4084344,107.540683
,Pabuaran,DAOP 3 CIREBON,Subang,48 S / 48 M,785850 m E,9290840 m S,28 m,-6.409212,107.58405
,Pringkasap,DAOP 3 CIREBON,Pabuaran,48 S / 48 M,791430 m E,9289820 m S,25 m,-6.418173,107.634504
,Pasirbungur,DAOP 3 CIREBON,Purwadadi,48 S / 48 M,797400 m E,9288880 m S,33 m,-6.4263863,107.688477
,Cikaum,DAOP 3 CIREBON,Cikaum oe,48 S / 48 M,803050 m E,9287830 m S,35 m,-6.435603,107.739564
,Pegaden Baru,DAOP 3 CIREBON,Pageden,48 S / 48 M,811620 m E,9285770 m S,27 m,-6.4537942,107.817077
,Cipunagara oe,DAOP 3 CIREBON,Compreg,48 S / 48 M,818930 m E,9285550 m S,2 m,-6.455412,107.883115
,Haurgeulis,DAOP 3 CIREBON,Haurgeulis,48 S / 48 M,825320 m E,9285160 m S,23 m,-6.458605,107.940849
,Cilegeh,DAOP 3 CIREBON,Kroya,48 S / 48 M,172040 m E,9284550 m S,18 m,-6.463978,108.035275
,Kedokan Gabus,DAOP 3 CIREBON,Gabuswetan,48 S / 48 M,479950 m E,9284170 m S,15 m,-6.467823,108.106698
,Terisi,DAOP 3 CIREBON,Terisi,48 S / 48 M,185980 m E,9283980 m S,2 m,-6.469847,108.161155
,Telagasari,DAOP 3 CIREBON,Lelea,48 S / 48 M,494120 m E,9284590 m S,7 m,-6.46474,108.234714
,Jatiparang,DAOP 3 CIREBON,Jatibarang,48 S / 48 M,902050 m E,9983730 m S,8 m,-6.472896,108.306309
,Kertasemaya,DAOP 3 CIREBON,Kartasemaya,48 S / 48 M,207280 m E,9277620 m S,2 m,-6.5282572,108.959268
,Kaliwedi,DAOP 3 CIREBON,Kaliwedi,48 S / 48 M,210840 m E,9271185 m S,6 m,-6.586676,108.385131
,Arjawinangun,DAOP 3 CIREBON,Arjawinangun,48 S / 48 M,214120 m E,9264780 m S,8 m,-6.644711,108.414471
,Bangoduwa,DAOP 3 CIREBON,Klangenan,48 S / 48 M,219170 m E,9262770 m S,8 m,-6.663112,108.460019
,Cangkring,DAOP 3 CIREBON,Plered,48 S / 48 M,223675 m E,9260975 m S,7 m,-6.679543,108.500656
,Cirebon,DAOP 3 CIREBON,Kejaksan,48 S / 48 M,229760 m E,9258160 m S,4 m,-6.70526,108.555533
,Luwung,DAOP 3 CIREBON,Mundu,49S/49M,233960 m E,9250160 m S,7 m,-6.777752,108.8818
,Sindanglaut,DAOP 3 CIREBON,Lemahabang,49S/49M,237620 m E,9244080 m S,4 m,-6.832867,108.625967
,Katangsuwung,DAOP 3 CIREBON,Karangsembung,49S/49M,240040 m E,9241330 m S,197 m,-6.85783,108.647729
,Ciledug,DAOP 3 CIREBON,Ciledug,49S/49M,250700 m E,9236390 m S,16 m,-6.902949,108.743924
,Ketanggungan Barat,DAOP 3 CIREBON,Losari,49S/49M,263120 m E,9233530 m S,16 m,-8.929317,108.856149
,Ketanggungan,DAOP 3 CIREBON,Ketangguhan,49S/49M,966240 m E,9232550 m S,15 m,-6.938303,108.884334
,Larangan,DAOP 3 CIREBON,Larangan,49S/49M,273380 m E,9226800 m S,2 m,-6.9905673,108.9487
,Songgom,DAOP 3 CIREBON,Songgom,49S/49M,277830 m E,9223060 m S,23 m,-7.024552,108.988818
,Brebes oe,DAOP 3 CIREBON,Brebes,49S/49M,283830 m E,9239690 m S,4 m,-6.874435,109.043733
,Bulakamba,DAOP 3 CIREBON,Bulakamba,49S/49M,273310 m E,9230465 m S,5 m,-6.876071,108.948562
,Tanjung,DAOP 3 CIREBON,Tanjung,49S/49M,263560 m E,9239340 m S,3 m,-6.876815,108.860366
,Losari,DAOP 3 CIREBON,Losari,49S/49M,256680 m E,9242670 m S,3 m,-6.846432,108.79827
,Babakan,DAOP 3 CIREBON,Babakan,49S/49M,9248020 m E,9241050 m S,12 m,-6.860709,108.719885
,Waruduwur,DAOP 3 CIREBON,Mundu,49S/49M,237530 m E,9249320 m S,3 m,-6.785503,108.625387
,Cirebon Prujakan,DAOP 3 CIREBON,Pakalipan,49S/49M,230130 m E,9256610 m S,4 m,-6.719285,108.558808
,Semarang Poncol,DAOP 4 SEMARANG,Semarang Utara,49 S / 49 M,435350 m E,9229190 m S,3 m,-6.9730525,110.4147162
,Jerakah,DAOP 4 SEMARANG,Tugu,49 S / 49 M,429575 m E,9228380 m S,1.5 m,-6.9804925,110.3624264
,Mangkang,DAOP 4 SEMARANG,Tugu,49 S / 49 M,422920 m E,9229400 m S,5 m,-6.9710001,110.302194
,Kaliwungu,DAOP 4 SEMARANG,Kaliwungu,49 S / 49 M,417685 m E,9230630 m S,4 m,-6.9598021,110.2548217
,Kalibodri,DAOP 4 SEMARANG,Pegandon,49 S / 49 M,405900 m E,9229080 m S,9 m,-6.9736418,110.1481171
,Weleri,DAOP 4 SEMARANG,Weleri,49 S / 49 M,397230 m E,9229365 m S,12 m,-6.970916,110.0696398
,Krengseng,DAOP 4 SEMARANG,Gringsing,49 S / 49 M,392620 m E,9231410 m S,9 m,-6.9523356,110.0279483
,Plabuhan,DAOP 4 SEMARANG,Gringsing,49 S / 49 M,384710 m E,9234970 m S,4 m,-6.9199849,109.9564221
,Kuripan,DAOP 4 SEMARANG,Subah,49 S / 49 M,377810 m E,9234520 m S,6 m,-6.9239138,109.8939632
,Ujungnegoro,DAOP 4 SEMARANG,Kandeman,49 S / 49 M,366230 m E,9236160 m S,5 m,-6.9088264,109.7891966
,Batang,DAOP 4 SEMARANG,Batang,49 S / 49 M,359970 m E,9236390 m S,5 m,-6.906599,109.7325497
,Pekalongan,DAOP 4 SEMARANG,Pekalongan Barat,49 S / 49 M,352440 m E,9238230 m S,4 m,-6.8897729,109.6644525
,Sragi,DAOP 4 SEMARANG,Sragi,49 S / 49 M,342120 m E,9234430 m S,7 m,-6.9238668,109.5709634
,Comal,DAOP 4 SEMARANG,Comal,49 S / 49 M,338340 m E,9236040 m S,10 m,-6.9092035,109.5368014
,Petarukan,DAOP 4 SEMARANG,Petarukan,49 S / 49 M,328710 m E,9237290 m S,10 m,-6.8976246,109.4496974
,Pemalang,DAOP 4 SEMARANG,Pemalang,49 S / 49 M,321910 m E,9238380 m S,6 m,-6.8875645,109.3882019
,Surodadi,DAOP 4 SEMARANG,Surodadi,49 S / 49 M,309515 m E,9239130 m S,3 m,-6.8803918,109.2760792
,Larangan,DAOP 4 SEMARANG,,49 S / 49 M,299524 m E,9240459 m S,4 m,-6.8680414,109.1857347
,Tegal,DAOP 4 SEMARANG,Tegal timur,49 S / 49 M,294750 m E,9240520 m S,4 m,-6.8673245,109.1425484
,Semarang Tawang,DAOP 4 SEMARANG,Semarang utara,49 S / 49 M,436800 m E,9230130 m S,2 m,-6.9645658,110.427853
,Semarang Gudang,DAOP 4 SEMARANG,Semarang Utara,49 S / 49 M,437500 m E,9231040 m S,2 m,-6.9583419,110.4341998
,Alastuwa,DAOP 4 SEMARANG,Pedurungan,49 S / 49 M,442105 m E,9227940 m S,6 m,-6.9844313,110.4758555
,Brumbung,DAOP 4 SEMARANG,Mranggen,49 S / 49 M,447210 m E,9223390 m S,16 m,-7.0256381,110.5220299
,Tegowanu,DAOP 4 SEMARANG,Tegowanu,49 S / 49 M,456090 m E,9220380 m S,13 m,-7.0529408,110.6024064
,Gubug,DAOP 4 SEMARANG,Gubug,49 S / 49 M,463500 m E,9219500 m S,11 m,-7.0609534,110.6694955
,Karangjati,DAOP 4 SEMARANG,Karangrayung,49 S / 49 M,475610 m E,9215050 m S,23 m,-7.1012723,110.7791307
,Sedadi,DAOP 4 SEMARANG,Penawangan,49 S / 49 M,483300 m E,9210700 m S,29 m,-7.1406498,110.847562
,Ngrombo,DAOP 4 SEMARANG,Toroh,49 S / 49 M,489020 m E,9210190 m S,38 m,-7.1452773,110.9005584
,Gambringan,DAOP 4 SEMARANG,Toroh,49 S / 49 M,490630 m E,9210340 m S,40 m,-7.1439233,110.9151398
,Toroh,DAOP 4 SEMARANG,Toroh,49 S / 49 M,491330 m E,9210345 m S,40 m,-7.143879,110.921479
,Jambon,DAOP 4 SEMARANG,Pulokulon,49 S / 49 M,501120 m E,9209640 m S,42 m,-7.1502631,111.0101435
,Panunggalan,DAOP 4 SEMARANG,Pulokulon,49 S / 49 M,508700 m E,9209380 m S,47 m,-7.1526112,111.0606803
,Kradenan,DAOP 4 SEMARANG,Kradenan,49 S / 49 M,516220 m E,9209640 m S,52 m,-7.1502398,111.1468997
,Sulur,DAOP 4 SEMARANG,Gabus,49 S / 49 M,524595 m E,9206995 m S,76 m,-7.1741356,111.2227609
,Doplang,DAOP 4 SEMARANG,Jati,49 S / 49 M,531800 m E,9206010 m S,77 m,-7.1830095,111.2880229
,Randu Blatung,DAOP 4 SEMARANG,Randu blatung,49 S / 49 M,543950 m E,9204970 m S,52 m,-7.1923347,111.398076
,Wadu,DAOP 4 SEMARANG,Kedungtuban,49 S / 49 M,555255 m E,9204505 m S,42 m,-7.1964405,111.500473
,Kapuan,DAOP 4 SEMARANG,Cepu,49 S / 49 M,561200 m E,9205290 m S,34 m,-7.1892778,111.5543097
,Cepu,DAOP 4 SEMARANG,Cepu,49 S / 49 M,565230 m E,9209130 m S,28 m,-7.1544978,111.5907847
,Tanggung,DAOP 4 SEMARANG,Tanggungharjo,49 S / 49 M,456180 m E,9216130 m S,20 m,-7.0913858,110.6031885
,Kedungjati,DAOP 4 SEMARANG,,49 S / 49 M,459760 m E,9208150 m S,36 m,-7.1635973,110.6355496
,Padas,DAOP 4 SEMARANG,Kedungjati,49 S / 49 M,463780 m E,9206420 m S,42 m,-7.1792738,110.6719468
,Gedangan,DAOP 4 SEMARANG,Gedangan,49 S / 49 M,466815 m E,9206165 m S,66 m,-7.1815993,110.6994337
,Telawa,DAOP 4 SEMARANG,Karangrayung,49 S / 49 M,472600 m E,9205720 m S,63 m,-7.185656,110.7518276
,Jetis,DAOP 4 SEMARANG,,49 S / 49 M,477820 m E,9205760 m S,60 m,-7.185317,110.799107
,Karangsono,DAOP 4 SEMARANG,Karangrayung,49 S / 49 M,480760 m E,9204540 m S,48 m,-7.1963642,110.8257315
,Jambean,DAOP 4 SEMARANG,,49 S / 49 M,483010 m E,9203665 m S,36 m,-7.2042866,110.8461085
,Gundih,DAOP 4 SEMARANG,Geyer,49 S / 49 M,488970 m E,9202060 m S,54 m,-7.2188202,110.9000895
,Bedono,DAOP 4 SEMARANG,Jambu,49 S / 49 M,428590 m E,9192020 m S,711 m,-7.3091876,110.3530473
,Tuntang,DAOP 4 SEMARANG,Tuntang,49 S / 49 M,439740 m E,9197370 m S,464 m,-7.260928,110.454118
,Ambarawa,DAOP 4 SEMARANG,Ambarawa,49 S / 49 M,434260 m E,9196930 m S,474.4 m,-7.2648456,110.4044724
,Banjaran,DAOP 5 PURWOKERTO,Banjaran,49 S / 49 M,293870 m E,9232925 m S,19 m,-6.9359613,109.1343186
,Slawi,DAOP 5 PURWOKERTO,Slawi,49 S / 49 M,294150 m E,9227850 m S,38 m,-6.9818552,109.136671
,Prupuk,DAOP 5 PURWOKERTO,Margasari,49 S / 49 M,277200 m E,9212185 m S,36 m,-7.1228406,108.982691
,Linggapura,DAOP 5 PURWOKERTO,Tonjong,49 S / 49 M,280520 m E,9205330 m S,156 m,-7.1849428,109.0124709
,Bumiayu,DAOP 5 PURWOKERTO,Bumiayu,49 S / 49 M,280250 m E,9199530 m S,236.45 m,-7.2373665,109.0097978
,Kretek,DAOP 5 PURWOKERTO,Paguyangan,49 S / 49 M,282480 m E,9194200 m S,286 m,-7.2856401,109.0297762
,Patuguran,DAOP 5 PURWOKERTO,Paguyangan,49 S / 49 M,285585 m E,9189500 m S,329 m,-7.3282525,109.0577056
,Legok,DAOP 5 PURWOKERTO,Pekuncen,49 S / 49 M,288880 m E,9186490 m S,299 m,-7.3555931,109.0874259
,Karangsari,DAOP 5 PURWOKERTO,Leuwigoong,49 S / 49 M,292620 m E,9183525 m S,233 m,-7.3825427,109.1211817
,Karanggandul,DAOP 5 PURWOKERTO,Karanglewas,49 S / 49 M,299775 m E,9182900 m S,142 m,-7.3884614,109.1859589
,Purwokerto,DAOP 5 PURWOKERTO,Purwokerto Barat,49 S / 49 M,303760 m E,9179450 m S,75 m,-7.4197996,109.2219261
,Notog,DAOP 5 PURWOKERTO,Patikraja,49 S / 49 M,302845 m E,9172130 m S,25 m,-7.4859491,109.21337
,Kebasen,DAOP 5 PURWOKERTO,Kebasen,49 S / 49 M,301730 m E,9167230 m S,16 m,-7.5302104,109.230872
,Randegan,DAOP 5 PURWOKERTO,Sampang,49 S / 49 M,303610 m E,9162840 m S,11 m,-7.5699715,108.995775
,Rancakole,DAOP 5 PURWOKERTO,Langensari,49 S / 49 M,233680 m E,9184640 m S,21 m,-7.3699011,108.5875397
,Langen,DAOP 5 PURWOKERTO,Langensari,49 S / 49 M,239120 m E,9185750 m S,16 m,-7.3601318,108.6368422
,Cikawung,DAOP 5 PURWOKERTO,Majenang,49 S / 49 M,243560 m E,9184900 m S,15 m,-7.3680248,108.6769988
,Meluwung,DAOP 5 PURWOKERTO,Wanareja,49 S / 49 M,246070 m E,9182000 m S,16 m,-7.3943538,108.699588
,Cipari,DAOP 5 PURWOKERTO,Cipari,49 S / 49 M,252890 m E,9178950 m S,11 m,-7.4403144,108.7611086
,Sidareja,DAOP 5 PURWOKERTO,Sidareja,49 S / 49 M,258040 m E,9171890 m S,5 m,-7.486288,108.807518
,Gandrungmangu,DAOP 5 PURWOKERTO,Gandrungmangu,49 S / 49 M,263750 m E,9167260 m S,15 m,-7.528392,108.859028
,Sitinggil,DAOP 5 PURWOKERTO,,49 S / 49 M,266345 m E,9164810 m S,13 m,-7.5506536,108.8824262
,Kawunganten,DAOP 5 PURWOKERTO,Kawunganten,49 S / 49 M,270450 m E,9160390 m S,15 m,-7.5907879,108.9194206
,Jeruklegi,DAOP 5 PURWOKERTO,Jeruklegi,49 S / 49 M,281370 m E,9156870 m S,10 m,-7.6230722,109.018209
,Lebeng,DAOP 5 PURWOKERTO,Kesugihan,49 S / 49 M,287850 m E,9157090 m S,11 m,-7.621348,109.076933
,Pasarkliwon,DAOP 5 PURWOKERTO,Pasar Kliwon,49 S / 49 M,292620 m E,9157530 m S,9 m,-7.61758,109.120173
,Maos,DAOP 5 PURWOKERTO,Maos,49 S / 49 M,294750 m E,9157360 m S,8 m,-7.6191804,109.1394672
,Sikampuh,DAOP 5 PURWOKERTO,Kroya,49 S / 49 M,301160 m E,9156655 m S,8 m,-7.6258002,109.1975254
,Balapulang,DAOP 5 PURWOKERTO,Balapulang,49 S / 49 M,289730 m E,9220320 m S,90 m,-7.0497737,109.096399
,Margasari,DAOP 5 PURWOKERTO,Margasari,49 S / 49 M,281720 m E,9215600 m S,50 m,-7.0921439,109.0237318
,Kroya,DAOP 5 PURWOKERTO,Kroya,49 S / 49 M,307350 m E,9156190 m S,11 m,-7.6302345,109.2536023
,Kemranjen,DAOP 5 PURWOKERTO,Kemranjen,49 S / 49 M,314110 m E,9157180 m S,7 m,-7.6215263,109.3148992
,Sumpiuh,DAOP 5 PURWOKERTO,Sumpiuh,49 S / 49 M,319210 m E,9157900 m S,17 m,-7.6151935,109.3611426
,Tambak,DAOP 5 PURWOKERTO,Tambak,49 S / 49 M,324450 m E,9158160 m S,19 m,-7.6130196,109.4086391
,Ijo,DAOP 5 PURWOKERTO,Rowokele,49 S / 49 M,328680 m E,9157920 m S,25 m,-7.6153288,109.4469665
,Gombong,DAOP 5 PURWOKERTO,Gombong,49 S / 49 M,333590 m E,9158460 m S,18 m,-7.61066,109.507796
,Karanganyar,DAOP 5 PURWOKERTO,Karanganyar,49 S / 49 M,342640 m E,9155990 m S,14 m,-7.6332167,109.5734296
,Sruweng,DAOP 5 PURWOKERTO,Sruweng,49 S / 49 M,345910 m E,9153560 m S,13 m,-7.655288,109.6029967
,Soka,DAOP 5 PURWOKERTO,Pejagoan,49 S / 49 M,349950 m E,9150935 m S,22 m,-7.6791433,109.6395414
,Kebumen,DAOP 5 PURWOKERTO,Kebumen,49 S / 49 M,352450 m E,9150660 m S,21 m,-7.681701,109.662196
,Wonosari,DAOP 5 PURWOKERTO,Kebumen,49 S / 49 M,356770 m E,9148940 m S,15 m,-7.6973761,109.7013104
,Kutowinangun,DAOP 5 PURWOKERTO,Kutowinangun,49 S / 49 M,360420 m E,9146800 m S,13 m,-7.716828,109.7343424
,Prembun,DAOP 5 PURWOKERTO,Prembun,49 S / 49 M,367450 m E,9148000 m S,9 m,-7.724247,109.798057
,Butuh,DAOP 5 PURWOKERTO,Cibatu,49 S / 49 M,374120 m E,9146005 m S,10 m,-7.7243675,109.8585317
,Kutoarjo,DAOP 5 PURWOKERTO,Kutoarjo,49 S / 49 M,379490 m E,9145840 m S,16 m,-7.725987,109.9072163
,Kesugihan,DAOP 5 PURWOKERTO,Kesugihan,49 S / 49 M,292790 m E,9157450 m S,9 m,-7.61829,109.0756449
,Karangkandri,DAOP 5 PURWOKERTO,Kahuripan,49 S / 49 M,287730 m E,9152120 m S,8 m,-7.666275,109.042482
,Gumilir,DAOP 5 PURWOKERTO,Cilacap Utara,49 S / 49 M,284080 m E,9150020 m S,7 m,-7.685111,109.0070803
,Cilacap,DAOP 5 PURWOKERTO,Cilacap Selatan,49 S / 49 M,280200 m E,9144350 m S,8 m,-7.7362066,109.0234496
,Karangtalun,DAOP 5 PURWOKERTO,Cilacap Utara,49 S / 49 M,281980 m E,9149990 m S,11 m,-7.6852948,109.0234496
,Purworejo,DAOP 5 PURWOKERTO,Purworejo,49 S / 49 M,390950 m E,9147785 m S,63 m,-7.708649,110.0111653
,Jenar,DAOP 6 YOGYAKARTA,Purwodadi,49 S / 49 M,389890 m E,9137380 m S,18 m,-7.8027324,110.0013326
,Wojo,DAOP 6 YOGYAKARTA,Bagelen,49 S / 49 M,394220 m E,9130840 m S,14 m,-7.8619733,110.0404653
,Wates,DAOP 6 YOGYAKARTA,Wates,49 S / 49 M,407165 m E,9131135 m S,18 m,-7.8595569,110.157886
,Sentolo,DAOP 6 YOGYAKARTA,Sentolo,49 S / 49 M,414020 m E,9134055 m S,54 m,-7.8332682,110.2201134
,Rewulu,DAOP 6 YOGYAKARTA,Sedayu,49 S / 49 M,421080 m E,9138190 m S,88 m,-7.795979,110.2842117
,Patukan,DAOP 6 YOGYAKARTA,Gamping,49 S / 49 M,425620 m E,9138760 m S,88 m,-7.790891,110.3253948
,Yogyakarta,DAOP 6 YOGYAKARTA,Jetis,49 S / 49 M,429810 m E,9138940 m S,113 m,-7.7893216,110.3633977
,Goprak,DAOP 6 YOGYAKARTA,Geyer,49 S / 49 M,488660 m E,9196075 m S,74 m,-7.272959,110.8972693
,Sumberlawang,DAOP 6 YOGYAKARTA,Sumber Lawang,49 S / 49 M,484970 m E,9190010 m S,126 m,-7.3278131,110.8638245
,Salem,DAOP 6 YOGYAKARTA,Gemolong,49 S / 49 M,480935 m E,9182520 m S,146 m,-7.3955534,110.8272403
,Kalioso,DAOP 6 YOGYAKARTA,Gondang Rejo,49 S / 49 M,478500 m E,9174710 m S,117 m,-7.4661916,110.8051442
,Solo balapan,DAOP 6 YOGYAKARTA,Banjarsari,49 S / 49 M,480300 m E,9164860 m S,93 m,-7.5571079,110.8214205
,Purwosari,DAOP 6 YOGYAKARTA,Laweyan,49 S / 49 M,477550 m E,9164155 m S,98 m,-7.5616651,110.7964899
,Gawok,DAOP 6 YOGYAKARTA,Gatak,49 S / 49 M,471800 m E,9161090 m S,118 m,-7.5893626,110.7443499
,Delanggu,DAOP 6 YOGYAKARTA,Wonosari,49 S / 49 M,467630 m E,9157455 m S,133 m,-7.6222195,110.7065242
,Ceper,DAOP 6 YOGYAKARTA,Ceper,49 S / 49 M,464130 m E,9152290 m S,133 m,-7.6689171,110.6747572
,Klaten,DAOP 6 YOGYAKARTA,Klaten Tengah,49 S / 49 M,456210 m E,9147480 m S,151 m,-7.7123655,110.6029051
,Srowot,DAOP 6 YOGYAKARTA,Jogonalan,49 S / 49 M,450280 m E,9144265 m S,152 m,-7.7413932,110.5491011
,Brambanan,DAOP 6 YOGYAKARTA,Prambanan,49 S / 49 M,444920 m E,9142580 m S,146 m,-7.7565804,110.5004758
,Kalasan,DAOP 6 YOGYAKARTA,Kalasan,49 S / 49 M,441020 m E,9140575 m S,126 m,-7.7746732,110.4850845
,Maguwo,DAOP 6 YOGYAKARTA,Depok,49 S / 49 M,437900 m E,9139435 m S,118 m,-7.7849481,110.436775
,Lempuyangan,DAOP 6 YOGYAKARTA,Gondokusuman,49 S / 49 M,431130 m E,9138835 m S,114 m,-7.7902892,110.3753678
,Kedungbanteng,DAOP 6 YOGYAKARTA,Gondang,49 S / 49 M,511925 m E,9181455 m S,85 m,-7.4052053,111.1171241
,Kebonromo,DAOP 6 YOGYAKARTA,Ngrampal,49 S / 49 M,507055 m E,9179915 m S,86 m,-7.4191466,111.0639332
,Sragen,DAOP 6 YOGYAKARTA,Sragen,49 S / 49 M,501965 m E,9178790 m S,84 m,-7.4293274,111.0178075
,Masaran,DAOP 6 YOGYAKARTA,Masaran,49 S / 49 M,494220 m E,9174510 m S,93 m,-7.4680406,110.9476152
,Kemiri,DAOP 6 YOGYAKARTA,Jaten,49 S / 49 M,489135 m E,9167205 m S,98 m,-7.534112,110.9015144
,Palur,DAOP 6 YOGYAKARTA,Jebres,49 S / 49 M,486275 m E,9163440 m S,93 m,-7.5681625,110.8755803
,Solo jebres,DAOP 6 YOGYAKARTA,Jebres,49 S / 49 M,482290 m E,9164100 m S,97 m,-7.5621805,110.8394578
,Solo kota,DAOP 6 YOGYAKARTA,Jebres,49 S / 49 M,481950 m E,9162610 m S,97 m,-7.5756575,110.8363706
,Sukoharjo,DAOP 6 YOGYAKARTA,Bendosari,49 S / 49 M,482715 m E,9151095 m S,98 m,-7.679821,110.8432677
,Pesanggrahan,DAOP 6 YOGYAKARTA,Nguter,49 S / 49 M,486725 m E,9144205 m S,105 m,-7.7421573,110.8796108
,Wonogiri,DAOP 6 YOGYAKARTA,Wonogiri,49 S / 49 M,491380 m E,9136040 m S,144 m,-7.8160248,110.9218127
,Minggiran,DAOP 6 YOGYAKARTA,Papar,49 S / 49 M,616620 m E,9145610 m S,56 m,-7.7281559,112.0575185
,Papar,DAOP 6 YOGYAKARTA,Papar,49 S / 49 M,619060 m E,9148975 m S,52 m,-7.6976673,112.0795648
,Purwosari,DAOP 6 YOGYAKARTA,Purwosari,49 S / 49 M,621335 m E,9154525 m S,59 m,-7.6474206,112.1000616
,Bendosendung,DAOP 6 YOGYAKARTA,Ponggok,49 S / 49 M,623150 m E,9105550 m S,153 m,-8.0903024,112.1177006
,Curahmalang,DAOP 7 MADIUN,Sumobito,49 S / 49 M,651200 m E,9169965 m S,25 m,-7.5070196,112.370338
,Sumobito,DAOP 7 MADIUN,Sumobito,49 S / 49 M,647765 m E,9168590 m S,28 m,-7.5195501,112.3392503
,Peterongan,DAOP 7 MADIUN,Peterongan,49 S / 49 M,641130 m E,9166140 m S,33 m,-7.5418861,112.2791902
,Jombang,DAOP 7 MADIUN,Jombang,49 S / 49 M,636080 m E,9164370 m S,43 m,-7.5580247,112.2334702
,Sembung,DAOP 7 MADIUN,Perak,49 S / 49 M,628760 m E,9161660 m S,47 m,-7.582716,112.1671951
,Kertosono,DAOP 7 MADIUN,Kertosono,49 S / 49 M,621420 m E,9160645 m S,43 m,-7.5920691,112.1006908
,Baron,DAOP 7 MADIUN,Baron,49 S / 49 M,614650 m E,9159490 m S,49 m,-7.6026663,112.0393519
,Sukomoro,DAOP 7 MADIUN,Sukomoro,49 S / 49 M,603950 m E,9159520 m S,50 m,-7.6026164,111.9423606
,Nganjuk,DAOP 7 MADIUN,Nganjuk,49 S / 49 M,599580 m E,9159790 m S,56 m,-7.6002586,111.9027426
,Bagor,DAOP 7 MADIUN,Bagor,49 S / 49 M,594125 m E,9162940 m S,58 m,-7.5718677,111.853238
,Wilangan,DAOP 7 MADIUN,Wilangan,49 S / 49 M,588665 m E,9164130 m S,86 m,-7.5611984,111.8037269
,Saradan,DAOP 7 MADIUN,Saradan,49 S / 49 M,580770 m E,9165640 m S,107 m,-7.5476664,111.7321418
,Caruban,DAOP 7 MADIUN,Mejayan,49 S / 49 M,572360 m E,9165290 m S,74 m,-7.5509533,111.6559175
,Babadan,DAOP 7 MADIUN,Balerejo,49 S / 49 M,565040 m E,9161325 m S,63 m,-7.5869123,111.5896156
,Madiun,DAOP 7 MADIUN,Mangunharjo,49 S / 49 M,557835 m E,9157800 m S,63 m,-7.6188808,111.4514385
,Barat,DAOP 7 MADIUN,Barat,49 S / 49 M,549800 m E,9164010 m S,72 m,-7.5627906,111.4190129
,Geneng,DAOP 7 MADIUN,Geneng,49 S / 49 M,546230 m E,9171170 m S,53 m,-7.4980571,111.4190129
,Paron,DAOP 7 MADIUN,Paron,49 S / 49 M,542700 m E,9177355 m S,58 m,-7.4421395,111.3869695
,Kedunggalar,DAOP 7 MADIUN,Kedunggalar,49 S / 49 M,533835 m E,9180000 m S,75 m,-7.4182766,111.3066146
,Walikukun,DAOP 7 MADIUN,Widodaren,49 S / 49 M,624775 m E,9182120 m S,74 m,-7.3991487,111.2245032
,Talun,DAOP 7 MADIUN,Talun,49 S / 49 M,641980 m E,9105360 m S,252 m,-8.0915173,112.2885782
,Garum,DAOP 7 MADIUN,Garum,49 S / 49 M,634090 m E,9107375 m S,248 m,-8.0735143,112.2169272
,Gebang,DAOP 7 MADIUN,,49 S / 49 M,629830 m E,9104440 m S,181 m,-8.1001704,112.1783485
,Blitar,DAOP 7 MADIUN,Kepanjenkidul,49 S / 49 M,628110 m E,9104325 m S,167 m,-8.1012552,112.1627428
,Rejotangan,DAOP 7 MADIUN,Rejotangan,49 S / 49 M,619120 m E,9102165 m S,116 m,-8.1210143,112.0812109
,Ngunut,DAOP 7 MADIUN,Ngunut,49 S / 49 M,611505 m E,9104185 m S,104 m,-8.102923,112.0120541
,Sumbergempol,DAOP 7 MADIUN,Sumbergempol,49 S / 49 M,604090 m E,9106470 m S,92 m,-8.0824183,111.9447116
,Tulungagung,DAOP 7 MADIUN,Tulungagung,49 S / 49 M,599665 m E,9108635 m S,85 m,-8.062928,111.9045107
,Ngujang,DAOP 7 MADIUN,Ngantru,49 S / 49 M,602160 m E,9114425 m S,87 m,-8.0105107,111.9270332
,Kras,DAOP 7 MADIUN,Kras,49 S / 49 M,605845 m E,9121245 m S,75 m,-7.9487521,111.9603249
,Ngadiluwih,DAOP 7 MADIUN,Ngadiluwih,49 S / 49 M,608900 m E,9126800 m S,78 m,-7.8984464,111.9879202
,Kediri,DAOP 7 MADIUN,Kediri,49 S / 49 M,611955 m E,9135770 m S,68 m,-7.8172537,112.0154345
,Susuhan,DAOP 7 MADIUN,Gampengrejo,49 S / 49 M,613135 m E,9140860 m S,60 m,-7.7711929,112.0260238
,Tobo,DAOP 8 SURABAYA,Padangan,49 S / 49 M,572225 m E,9207155 m S,25 m,-7.1722767,111.6541387
,Kalitidu,DAOP 8 SURABAYA,Kalitidu,49 S / 49 M,584730 m E,9211620 m S,24 m,-7.1317151,111.7673221
,Bojonegoro,DAOP 8 SURABAYA,Sukorejo,49 S / 49 M,597900 m E,9207985 m S,15 m,-7.1643796,111.8866451
,Kapas,DAOP 8 SURABAYA,Kapas,49 S / 49 M,603045 m E,9204120 m S,20 m,-7.1992451,111.9333087
,Sumberejo,DAOP 8 SURABAYA,Sumberejo,49 S / 49 M,610580 m E,9206495 m S,16 m,-7.1776202,112.0015014
,Sroyo,DAOP 8 SURABAYA,Kanor,49 S / 49 M,615280 m E,9208010 m S,14 m,-7.1638231,112.0440325
,Bowerno,DAOP 8 SURABAYA,Baureno,49 S / 49 M,621450 m E,9211620 m S,21 m,-7.1310433,112.0998261
,Babat,DAOP 8 SURABAYA,Babat,49 S / 49 M,629065 m E,9214350 m S,7 m,-7.1081838,112.168714
,Gembong,DAOP 8 SURABAYA,Babat,49 S / 49 M,634975 m E,9214775 m S,6 m,-7.1022022,112.2222122
,Pucuk,DAOP 8 SURABAYA,Pucuk,49 S / 49 M,640245 m E,9215250 m S,6 m,-7.0977782,112.269913
,Sumlaran,DAOP 8 SURABAYA,Sukodadi,49 S / 49 M,646000 m E,9215680 m S,3 m,-7.093744,112.3220039
,Surabayan,DAOP 8 SURABAYA,Sukodadi,49 S / 49 M,649685 m E,9214980 m S,7 m,-7.099978,112.3564737
,Kruwul,DAOP 8 SURABAYA,Turi,49 S / 49 M,651290 m E,9214655 m S,7 m,-7.1028748,112.3699222
,Lamongan,DAOP 8 SURABAYA,Lamongan,49 S / 49 M,658835 m E,9213560 m S,2 m,-7.1126259,112.4201519
,Pandanan,DAOP 8 SURABAYA,Lamongan,49 S / 49 M,663475 m E,9211475 m S,3 m,-7.1312921,112.4803247
,Duduk,DAOP 8 SURABAYA,Duduk Sampeyan,49 S / 49 M,687880 m E,9208855 m S,2 m,-7.1548544,112.5202824
,Cerme,DAOP 8 SURABAYA,Cerme,49 S / 49 M,673420 m E,9201140 m S,6 m,-7.2244488,112.5706784
,Benowo,DAOP 8 SURABAYA,Pakal,49 S / 49 M,678330 m E,9200060 m S,3 m,-7.2340591,112.6151714
,Kandangan,DAOP 8 SURABAYA,Tandes,49 S / 49 M,683075 m E,9198140 m S,2 m,-7.2512655,112.6581992
,Tandes,DAOP 8 SURABAYA,Tandes,49 S / 49 M,686250 m E,9197270 m S,2 m,-7.2590262,112.6869776
,Surabaya Pasarturi,DAOP 8 SURABAYA,Bubutan,49 S / 49 M,691130 m E,9198425 m S,1 m,-7.2484168,112.7311252
,Gresik,DAOP 8 SURABAYA,Gresik,49 S / 49 M,683110 m E,9209025 m S,2 m,-7.1528414,112.6581584
,Gapuro,DAOP 8 SURABAYA,,49 S / 49 M,682735 m E,9207135 m S,21 m,-7.1699432,112.6548252
,Indro,DAOP 8 SURABAYA,Kebomas,49 S / 49 M,683785 m E,9206370 m S,8 m,-7.176826,112.6643563
,Karangkering,DAOP 8 SURABAYA,Kebomas,49 S / 49 M,683345 m E,9205025 m S,6 m,-7.189002,112.6604169
,Kalitangi,DAOP 8 SURABAYA,,49 S / 49 M,682375 m E,9204740 m S,5 m,-7.1916108,112.6516442
,Rumah,DAOP 8 SURABAYA,,49 S / 49 M,681965 m E,9203855 m S,2 m,-7.1996264,112.647961
,Sidotopo,DAOP 8 SURABAYA,Simokerto,49 S / 49 M,693820 m E,9199755 m S,2.5 m,-7.2362979,112.7554351
,Benteng,DAOP 8 SURABAYA,Semampir,49 S / 49 M,692550 m E,9201425 m S,4 m,-7.2212425,112.7438784
,Kalimas,DAOP 8 SURABAYA,Pabean cantikan,49 S / 49 M,691620 m E,9201620 m S,2 m,-7.2195115,112.7354515
,Surabaya Kota,DAOP 8 SURABAYA,Pabean cantikan,49 S / 49 M,692290 m E,9199020 m S,4 m,-7.2429987,112.7416077
,Surabaya Gubeng,DAOP 8 SURABAYA,Gubeng,49 S / 49 M,693430 m E,9196500 m S,5 m,-7.265742,112.7520178
,Ngagel,DAOP 8 SURABAYA,Gubeng,49 S / 49 M,692950 m E,9193935 m S,5 m,-7.2889055,112.7477613
,Sepanjang,DAOP 8 SURABAYA,Taman,49 S / 49 M,687400 m E,9187520 m S,9 m,-7.3471454,112.6977234
,Kumendung,DAOP 8 SURABAYA,,49 S / 49 M,682430 m E,9184965 m S,10 m,-7.3704159,112.6527968
,Boharan,DAOP 8 SURABAYA,Krian,49 S / 49 M,678770 m E,9183035 m S,10 m,-7.3879885,112.6197102
,Krian,DAOP 8 SURABAYA,Krian,49 S / 49 M,675040 m E,9180605 m S,12 m,-7.4100827,112.5860027
,Kedinding,DAOP 8 SURABAYA,Tarik,49 S / 49 M,671355 m E,9177635 m S,13 m,-7.4370566,112.5527163
,Tarik,DAOP 8 SURABAYA,Tarik,49 S / 49 M,667600 m E,9175180 m S,16 m,-7.4593739,112.5187755
,Bangsal,DAOP 8 SURABAYA,Bangsal,49 S / 49 M,663740 m E,9174100 m S,22 m,-7.4692589,112.4838375
,Mojokerto,DAOP 8 SURABAYA,Kranggan,49 S / 49 M,658245 m E,9173760 m S,22 m,-7.472498,112.4340618
,Wonokromo,DAOP 8 SURABAYA,Wonokromo,49 S / 49 M,691990 m E,9182495 m S,7 m,-7.302004,112.7391185
,Margorejo,DAOP 8 SURABAYA,Wonocolo,49 S / 49 M,691485 m E,9191150 m S,4 m,-7.3141826,112.7345924
,Jemursari,DAOP 8 SURABAYA,Wonocolo,49 S / 49 M,691130 m E,9189510 m S,4 m,-7.3290234,112.7314348
,Kertomenanggal,DAOP 8 SURABAYA,Gayungan,49 S / 49 M,690920 m E,9188255 m S,5 m,-7.340378,112.7295788
,Waru,DAOP 8 SURABAYA,Waru,49 S / 49 M,690880 m E,9186895 m S,5 m,-7.3526781,112.7292621
,Sawotratap,DAOP 8 SURABAYA,Gedangan,49 S / 49 M,690874 m E,9185143 m S,3 m,-7.3685173,112.7292691
,Gedangan,DAOP 8 SURABAYA,Gedangan,49 S / 49 M,690775 m E,9182875 m S,4 m,-7.3890273,112.7284521
,Banjarantren,DAOP 8 SURABAYA,Buduran,49 S / 49 M,690510 m E,9180365 m S,4 m,-7.4117312,112.7261401
,Buduran,DAOP 8 SURABAYA,Buduran,49 S / 49 M,690150 m E,9178590 m S,2 m,-7.4277928,112.7229418
,Pagerwojo,DAOP 8 SURABAYA,Sidoarjo,49 S / 49 M,689290 m E,9177010 m S,3 m,-7.4421089,112.7152072
,Sidoarjo,DAOP 8 SURABAYA,Sidoarjo,49 S / 49 M,689020 m E,9175370 m S,4 m,-7.4569468,112.712819
,Tanggulangin,DAOP 8 SURABAYA,Tanggulangin,49 S / 49 M,688490 m E,9169850 m S,6 m,-7.5068757,112.708212
,Porong,DAOP 8 SURABAYA,Porong,49 S / 49 M,687755 m E,9163365 m S,6 m,-7.538412,112.7016758
,Gunungsari,DAOP 8 SURABAYA,Beji,49 S / 49 M,690260 m E,9161210 m S,12 m,-7.5849326,112.7245574
,Bangil,DAOP 8 SURABAYA,Bangil,49 S / 49 M,696185 m E,9159635 m S,9 m,-7.5989566,112.778304
,Wonokerto,DAOP 8 SURABAYA,Sukorejo,49 S / 49 M,693575 m E,9152655 m S,90 m,-7.6621621,112.7549108
,Sukorejo,DAOP 8 SURABAYA,Sukorejo,49 S / 49 M,690080 m E,9146330 m S,239 m,-7.7194779,112.7234666
,Sengon,DAOP 8 SURABAYA,Purwosari,49 S / 49 M,690170 m E,9142390 m S,312 m,-7.7550983,112.7244271
,Lawang,DAOP 8 SURABAYA,Lawang,49 S / 49 M,687205 m E,9133375 m S,491 m,-7.8367168,112.6978778
,Singosari,DAOP 8 SURABAYA,Singosari,49 S / 49 M,683675 m E,9126720 m S,487 m,-7.8970175,112.6661116
,Blimbing,DAOP 8 SURABAYA,Blimbing,49 S / 49 M,681320 m E,9121970 m S,460 m,-7.9400508,112.6449259
,Malang,DAOP 8 SURABAYA,Klojen,49 S / 49 M,680435 m E,9117825 m S,444 m,-7.977561,112.6370482
,Malangkotlama,DAOP 8 SURABAYA,Sukun,49 S / 49 M,679935 m E,9115910 m S,429 m,-7.994894,112.6325819
,Pakisaji,DAOP 8 SURABAYA,Pakisaji,49 S / 49 M,676145 m E,9107695 m S,386 m,-8.0693085,112.5984944
,Kepanjen,DAOP 8 SURABAYA,Kepanjen,49 S / 49 M,673340 m E,9100760 m S,335 m,-8.1321138,112.5732895
,Ngebrruk,DAOP 8 SURABAYA,Sumberpucung,49 S / 49 M,667105 m E,9098595 m S,319 m,-8.1519055,112.5167861
,Sumberpucung,DAOP 8 SURABAYA,Sumberpucung,49 S / 49 M,662870 m E,9097895 m S,296 m,-8.1583772,112.4783778
,Karangkates,DAOP 8 SURABAYA,,49 S / 49 M,660675 m E,9097535 m S,282 m,-8.1617047,112.4584699
,Pogajih,DAOP 8 SURABAYA,Selorejo,49 S / 49 M,656480 m E,9098060 m S,205 m,-8.1570933,112.4202012
,Plampangan,DAOP 8 SURABAYA,Kesamben,49 S / 49 M,653245 m E,9097665 m S,190 m,-8.1607664,112.3910366
,Kesamben,DAOP 8 SURABAYA,Kesamben,49 S / 49 M,650210 m E,9098945 m S,193 m,-8.1492852,112.3634535
,Wlingi,DAOP 8 SURABAYA,Wlingi,49 S / 49 M,645455 m E,9105690 m S,274 m,-8.084323,112.3201012
,Tulangan,DAOP 8 SURABAYA,Tulangan,49 S / 49 M,682190 m E,9174425 m S,4 m,-7.4657268,112.6509783
,Mesigit,DAOP 8 SURABAYA,Bubutan,49 S / 49 M,690660 m E,9198225 m S,4 m,-7.2411994,112.726842
,Segitiga Mesigit,DAOP 8 SURABAYA,,49 S / 49 M,691575 m E,9198855 m S,5 m,-7.2445134,112.7351396
,Pasuruan,DAOP 9 JEMBER,Panggungrejo,49 S / 49 M,710705 m E,9155265 m S,3 m,-7.6379053,112.9100483
,Rejoso,DAOP 9 JEMBER,Rejoso,49 S / 49 M,717055 m E,9149315 m S,6 m,-7.691437,112.9678335
,Grati,DAOP 9 JEMBER,Grati,49 S / 49 M,721920 m E,9148405 m S,16 m,-7.7175391,113.0120457
,Bayeman,DAOP 9 JEMBER,Tongas,49 S / 49 M,733690 m E,9144455 m S,6 m,-7.7346507,113.1187981
,Probolinggo,DAOP 9 JEMBER,Mayangan,49 S / 49 M,744405 m E,9143490 m S,5 m,-7.7428799,113.2159449
,Jati,DAOP 9 JEMBER,Mayangan,49 S / 49 M,745310 m E,9142065 m S,12 m,-7.7557175,113.2242136
,Jorongan,DAOP 9 JEMBER,Leces,49 S / 49 M,745440 m E,9135395 m S,36 m,-7.816,113.22571
,Leces,DAOP 9 JEMBER,Leces,49 S / 49 M,745790 m E,9132025 m S,48 m,-7.8464438,113.2290442
,Malasan,DAOP 9 JEMBER,Tegalsiwalan,49 S / 49 M,749215 m E,9127620 m S,138 m,-7.8860929,113.2603045
,Ranuyoso,DAOP 9 JEMBER,Ranuyoso,49 S / 49 M,746800 m E,9120075 m S,248 m,-7.9544168,113.2369678
,Klakah,DAOP 9 JEMBER,Klakah,49 S / 49 M,747945 m E,9115670 m S,193 m,-7.9941658,113.2493798
,Randuagung,DAOP 9 JEMBER,Randuagung,49 S / 49 L,754065 m E,9107235 m S,98 m,-8.0700969,113.3053009
,Kaliboto,DAOP 9 JEMBER,Jatiroto,49 S / 49 L,758595 m E,9102880 m S,54 m,-8.1092234,113.346089
,Jatiroto,DAOP 9 JEMBER,Jatiroto,49 S / 49 L,760510 m E,9101305 m S,29 m,-8.1233574,113.3640597
,Sumberbaru,DAOP 9 JEMBER,Sumberbaru,49 S / 49 L,762830 m E,9101235 m S,36 m,-8.1238672,113.3851044
,Tanggul,DAOP 9 JEMBER,Tanggul,49 S / 49 L,769775 m E,9096890 m S,30 m,-8.1627594,113.443828
,Bangsalsari,DAOP 9 JEMBER,Bangsalsari,49 S / 49 L,779110 m E,9092390 m S,49 m,-8.202903,113.5332486
,Petung,DAOP 9 JEMBER,Bangsalsari,49 S / 49 L,784735 m E,9091890 m S,49 m,-8.2070971,113.584296
,Rambipuji,DAOP 9 JEMBER,Rambipuji,49 S / 49 L,788055 m E,9092275 m S,52 m,-8.2034238,113.6134847
,Mangli,DAOP 9 JEMBER,Kaliwates,49 S / 49 L,791810 m E,9093630 m S,62 m,-8.1909578,113.6483592
,Jember,DAOP 9 JEMBER,Patrang,49 S / 49 L,797920 m E,9096475 m S,89 m,-8.1648847,113.7035962
,Arjoso,DAOP 9 JEMBER,Pakusari,49 S / 49 L,802265 m E,9100370 m S,141 m,-8.1294279,113.7427562
,Kotokan,DAOP 9 JEMBER,Kalisat,49 S / 49 L,806260 m E,9100705 m S,176 m,-8.1261551,113.778957
,Kalisat,DAOP 9 JEMBER,Kalisat,49 S / 49 L,809940 m E,9100600 m S,265 m,-8.1268742,113.812328
,Ledokombo,DAOP 9 JEMBER,Ledokombo,49 S / 49 L,816910 m E,9099030 m S,370 m,-8.1406155,113.8756195
,Sumbersalak,DAOP 9 JEMBER,Ledokombo,49 S / 49 L,818960 m E,9097170 m S,422 m,-8.1572863,113.8943258
,Sempolan,DAOP 9 JEMBER,Silo,49 S / 49 L,819145 m E,9093260 m S,469 m,-8.1925967,113.8962581
,Garahan,DAOP 9 JEMBER,Silo,49 S / 49 L,819060 m E,9089685 m S,514 m,-8.2248982,113.8957215
,Mrawan,DAOP 9 JEMBER,Silo,49 S / 49 L,822455 m E,9084395 m S,524 m,-8.2724627,113.9286582
,Kalibaru,DAOP 9 JEMBER,Kalibaru,49 S / 49 L,828790 m E,9082525 m S,428 m,-8.2889294,113.9844342
,Krikilan,DAOP 9 JEMBER,Glenmore,50 S / 50 L,172745 m E,9081745 m S,361 m,-8.2960793,114.0294333
,Glenmore,DAOP 9 JEMBER,Glenmore,50 S / 50 L,174955 m E,9081370 m S,342 m,-8.2996158,114.0494503
,Kempit,DAOP 9 JEMBER,Glenmore,50 S / 50 L,177930 m E,9081020 m S,322 m,-8.3029765,114.0764079
,Sumberwadung,DAOP 9 JEMBER,Glenmore,50 S / 50 L,181125 m E,9081165 m S,312 m,-8.3018785,114.1053946
,Kalisetail,DAOP 9 JEMBER,Sempu,50 S / 50 L,184925 m E,9081085 m S,272 m,-8.3028503,114.1398545
,Temuguruh,DAOP 9 JEMBER,Sempu,50 S / 50 L,191795 m E,9080405 m S,196 m,-8.3094367,114.202123
,Singojuruh,DAOP 9 JEMBER,Singojuruh,50 S / 50 L,196030 m E,9080755 m S,160 m,-8.3065429,114.2405596
,Rogojampi,DAOP 9 JEMBER,Rogojampi,50 S / 50 L,201765 m E,9081000 m S,89 m,-8.3046887,114.2925989
,Kabat,DAOP 9 JEMBER,Kabat,50 S / 50 L,204320 m E,9084170 m S,47 m,-8.2762014,114.3159683
,Karangasem,DAOP 9 JEMBER,Glagah,50 S / 50 L,207020 m E,9090080 m S,83 m,-8.2229646,114.3408166
,Argopuro,DAOP 9 JEMBER,Kalipuro,50 S / 50 L,210130 m E,9094450 m S,56 m,-8.1836638,114.3692834
,Banyuwangibaru,DAOP 9 JEMBER,Kalipuro,50 S / 50 L,213180 m E,9099160 m S,3 m,-8.1412829,114.3972197
,Ajung,DAOP 9 JEMBER,Kalisat,49 S / 49 L,811465 m E,9100975 m S,301 m,-8.1233904,113.8261303
,Sukosari,DAOP 9 JEMBER,,49 S / 49 L,812190 m E,9105365 m S,321 m,-8.0836837,113.8324257
,Sukowono,DAOP 9 JEMBER,Sukowono,49 S / 49 L,812745 m E,9108105 m S,344 m,-8.0588947,113.837284
,Tamanan,DAOP 9 JEMBER,Tamanan,49 S / 49 L,811675 m E,9112940 m S,345 m,-8.0152801,113.8722882
,Grujugan,DAOP 9 JEMBER,Grujugan,49 S / 49 L,811225 m E,9118030 m S,286 m,-7.9693224,113.8228872
,Bondowoso,DAOP 9 JEMBER,Bondowoso,49 S / 49 L,811980 m E,9123830 m S,258 m,-7.9168758,113.8293706
,Tengsil,DAOP 9 JEMBER,Tenggarang,49 S / 49 L,814830 m E,9124595 m S,259 m,-7.9097885,113.855148
,Bonosare,DAOP 9 JEMBER,Wonosari,49 S / 49 L,819000 m E,9126945 m S,230 m,-7.8882983,113.8927845
,Tapen,DAOP 9 JEMBER,Tapen,49 S / 49 L,823695 m E,9130800 m S,184 m,-7.8531772,113.935077
,Prajekan,DAOP 9 JEMBER,Botolinggo,49 S / 49 L,828310 m E,9135880 m S,92 m,-7.8069937,113.9765588
,Widuri,DAOP 9 JEMBER,Prajekan,49 S / 49 L,829595 m E,9138420 m S,74 m,-7.7839671,113.9880353
,Kalibagor,DAOP 9 JEMBER,Situbondo,50 S / 50 M,169350 m E,9140620 m S,62 m,-7.7640265,114.0025503
,Situbondo,DAOP 9 JEMBER,Panarukan,49 S / 49 M,830425 m E,9146165 m S,30 m,-7.7139517,113.995058
,Tribungan,DAOP 9 JEMBER,Panarukan,49 S / 49 M,827895 m E,9146455 m S,18 m,-7.7114919,113.9721283
,Panarukan,DAOP 9 JEMBER,Panarukan,49 S / 49 M,823825 m E,9147965 m S,3 m,-7.6981055,113.935176
,Medan,DIVRE 1 MEDAN,Medan Barat,47 N / 47 N,464440 m E,396890 m S,22 m,3.5906849,98.6798086
,Glugur,DIVRE 1 MEDAN,Medan Maimun,47 N / 47 N,463860 m E,398940 m S,19 m,3.609229,98.6745796
,Pulubrayan,DIVRE 1 MEDAN,Medan Timur,47 N / 47 N,463400 m E,401425 m S,15.05 m,3.6317088,98.6704294
,Titipan,DIVRE 1 MEDAN,Medan Deli,47 N / 47 N,463195 m E,407590 m S,8 m,3.6874816,98.668563
,Kampungbesar,DIVRE 1 MEDAN,,47 N / 47 N,464590 m E,410610 m S,4 m,3.7148075,98.6811154
,Labuan,DIVRE 1 MEDAN,Medan Labuhan,47 N / 47 N,464140 m E,412880 m S,2.3 m,3.7353422,98.6770555
,Belawan,DIVRE 1 MEDAN,Medan Belawan,47 N / 47 N,464855 m E,417615 m S,1.9 m,3.7781804,98.6816778
,Medanpasar,DIVRE 1 MEDAN,Medan Area,47 N / 47 N,465785 m E,396485 m S,22.23 m,3.5870251,98.8919204
,Kebonpisang,DIVRE 1 MEDAN,,47 N / 47 N,467965 m E,396720 m S,23 m,3.5891575,98.7115488
,Pmandala,DIVRE 1 MEDAN,,47 N / 47 N,469845 m E,396915 m S,22 m,3.5909269,98.7284761
,Bandar Khalifah,DIVRE 1 MEDAN,Percut Sei Tuan,47 N / 47 N,473015 m E,397255 m S,16.13 m,3.5940109,98.7570187
,Batangkuis,DIVRE 1 MEDAN,Batang Kuis,47 N / 47 N,477985 m E,399225 m S,9.13 m,3.6118441,98.801766
,Serdang,DIVRE 1 MEDAN,Gelumbang,47 N / 47 N,481610 m E,401725 m S,4 m,3.6344679,98.8444031
,Araskabu,DIVRE 1 MEDAN,Batang Kuis,47 N / 47 N,483110 m E,399320 m S,7.23 m,3.6127125,98.8479138
,Parsarore,DIVRE 1 MEDAN,,47 N / 47 N,483340 m E,399000 m S,5 m,3.6098178,98.8499853
,Lubukpakam,DIVRE 1 MEDAN,Lubuk Pakam,47 N / 47 N,486520 m E,393920 m S,16.85 m,3.5638637,98.8786256
,Perbaungan,DIVRE 1 MEDAN,Perbaungan,47 N / 47 N,494585 m E,394255 m S,16 m,3.5669011,98.9512429
,Lidah Tanah,DIVRE 1 MEDAN,Perbaungan,47 N / 47 N,501600 m E,398325 m S,11.47 m,3.5630121,99.0144065
,Bulu,DIVRE 1 MEDAN,,47 N / 47 N,506565 m E,392385 m S,8 m,3.5499827,99.0591107
,Telukmengudu,DIVRE 1 MEDAN,Teluk mengkudu,47 N / 47 N,510065 m E,390230 m S,6.5 m,3.530484,99.0906224
,Rampah,DIVRE 1 MEDAN,Sei rampah,47 N / 47 N,515470 m E,385170 m S,4 m,3.4847004,99.1392806
,Bamban,DIVRE 1 MEDAN,Sei bamban,47 N / 47 N,518550 m E,379980 m S,7.46 m,3.4377422,99.1870024
,Rambutan,DIVRE 1 MEDAN,Rambutan,47 N / 47 N,518685 m E,373110 m S,13 m,3.3755894,99.168207
,Rantaualaban,DIVRE 1 MEDAN,,47 N / 47 N,518515 m E,369325 m S,18 m,3.3413469,99.1666708
,Tebingtinggi,DIVRE 1 MEDAN,Padang hilir,47 N / 47 N,518715 m E,367745 m S,22 m,3.3270524,99.1684688
,Payapinging,DIVRE 1 MEDAN,,47 N / 47 N,520840 m E,365320 m S,27 m,3.3051101,99.1875934
,Mendalis,DIVRE 1 MEDAN,,47 N / 47 N,524530 m E,363660 m S,24 m,3.2900853,99.2208509
,Lauttador,DIVRE 1 MEDAN,Laut tador,47 N / 47 N,528375 m E,362735 m S,13.7 m,3.2817086,99.2554142
,Tanjungkasu,DIVRE 1 MEDAN,,47 N / 47 N,532245 m E,363100 m S,20 m,3.2850011,99.2902502
,Bandartinggi,DIVRE 1 MEDAN,Sei suka,47 N / 47 N,533755 m E,363045 m S,14.5 m,3.2844995,99.303842
,Pertebalan,DIVRE 1 MEDAN,,47 N / 47 N,534045 m E,358465 m S,49 m,3.2430639,99.3064398
,Bahlian,DIVRE 1 MEDAN,,47 N / 47 N,537830 m E,353870 m S,32.7 m,3.2014827,99.340454
,Perlanaan,DIVRE 1 MEDAN,Bandar,47 N / 47 N,540535 m E,351010 m S,33.63 m,3.1756003,99.3648318
,Limapuluh,DIVRE 1 MEDAN,Lima puluh,47 N / 47 N,545845 m E,350750 m S,34.7 m,3.17323,99.4126223
,Dusun,DIVRE 1 MEDAN,Talawi,47 N / 47 N,556630 m E,345745 m S,21 m,3.1279079,99.509667
,Sungai bejengkar,DIVRE 1 MEDAN,Sei balai,47 N / 47 N,561800 m E,343390 m S,10 m,3.1065794,99.5581841
,Bunut,DIVRE 1 MEDAN,Kisaran barat,47 N / 47 N,566665 m E,331820 m S,18.37 m,3.0118867,99.5999083
,Kisaran,DIVRE 1 MEDAN,Kisaran barat,47 N / 47 N,568845 m E,330085 m S,19.87 m,2.98618,99.6195162
,Tanjungbalai,DIVRE 1 MEDAN,Tanjung balai utara,47 N / 47 N,588880 m E,328390 m S,2.87 m,2.9707297,99.7997838
,Santang,DIVRE 1 MEDAN,,47 N / 47 N,571655 m E,327270 m S,20 m,2.9606995,99.6447867
,Saialim,DIVRE 1 MEDAN,,47 N / 47 N,571385 m E,323700 m S,29 m,2.9284049,99.6423387
,Sijabut,DIVRE 1 MEDAN,,47 N / 47 N,571240 m E,320090 m S,29 m,2.8957477,99.6410156
,Hengelo,DIVRE 1 MEDAN,Air batu,47 N / 47 N,571035 m E,316065 m S,27.38 m,2.8593366,99.6391508
,Telukdalam,DIVRE 1 MEDAN,Teluk dalam,47 N / 47 N,569590 m E,312550 m S,37.76 m,2.8275451,99.6261325
,Masihi,DIVRE 1 MEDAN,,47 N / 47 N,570235 m E,307565 m S,27 m,2.782445,99.6319114
,Puloraja,DIVRE 1 MEDAN,Pulau rakyat,47 N / 47 N,568585 m E,298150 m S,24 m,2.6972793,99.6170232
,Aekloba,DIVRE 1 MEDAN,Aek kuasan,47 N / 47 N,568465 m E,293065 m S,37 m,2.651278,99.6159207
,Membangmuda,DIVRE 1 MEDAN,Kualuh hulu,47 N / 47 N,572380 m E,283560 m S,27.5 m,2.5652725,99.6510949
,Guntingsaga,DIVRE 1 MEDAN,,47 N / 47 N,573125 m E,278720 m S,22 m,2.5214839,99.657774
,Stungir,DIVRE 1 MEDAN,Kualuh selatan,47 N / 47 N,575445 m E,275545 m S,18.5 m,2.4927504,99.6786271
,Tambakgapuk,DIVRE 1 MEDAN,,47 N / 47 N,578130 m E,273950 m S,18 m,2.4783086,99.7027699
,Adiantarop,DIVRE 1 MEDAN,,47 N / 47 N,580145 m E,270905 m S,16 m,2.4507525,99.7208788
,Kampungadiantorop,DIVRE 1 MEDAN,,47 N / 47 N,581455 m E,266985 m S,19 m,2.4152841,99.732642
,Pamineke,DIVRE 1 MEDAN,Aek kuo,47 N / 47 N,584610 m E,262750 m S,26.87 m,2.3769571,99.7609967
,Padanghalaban,DIVRE 1 MEDAN,Aek kuo,47 N / 47 N,591230 m E,255785 m S,26.9 m,2.313735,99.8204973
,Marbau,DIVRE 1 MEDAN,Marbau,47 N / 47 N,591285 m E,249915 m S,26.89 m,2.2608142,99.8209818
,Bausassalam,DIVRE 1 MEDAN,,47 N / 47 N,592945 m E,247315 m S,25 m,2.2372855,99.8358784
,Rantauprapat,DIVRE 1 MEDAN,Rantau utara,47 N / 47 N,591285 m E,233610 m S,27.14 m,2.1133152,99.8208817
,Nagasakigan,DIVRE 1 MEDAN,,47 N / 47 N,511830 m E,362365 m S,38 m,3.2783882,99.1064863
,Bajalinggei,DIVRE 1 MEDAN,Dolok merawan,47 N / 47 N,512330 m E,350090 m S,284.20 m,3.1673357,99.1109749
,Dolokmerangir,DIVRE 1 MEDAN,Dolok batunanggar,47 N / 47 N,513015 m E,344590 m S,144.56 m,3.1175764,99.1171346
,Simaskas,DIVRE 1 MEDAN,,47 N / 47 N,509715 m E,334290 m S,268 m,3.0243948,99.0874272
,Pematangsiantar,DIVRE 1 MEDAN,Siantar barat,47 N / 47 N,506990 m E,327080 m S,383.5 m,2.9591672,99.0629007
,Serbangan,DIVRE 1 MEDAN,,47 N / 47 N,574985 m E,331105 m S,15 m,2.9953747,99.6747714
,Kebonsayur,DIVRE 1 MEDAN,,47 N / 47 N,578845 m E,331005 m S,6 m,2.994448,99.7095043
,Airjoman,DIVRE 1 MEDAN,,47 N / 47 N,581170 m E,330875 m S,7 m,2.9932581,99.7304244
,Sunggal,DIVRE 1 MEDAN,,47 N / 47 N,456110 m E,398400 m S,24 m,3.604316,98.6047983
,Diski,DIVRE 1 MEDAN,,47 N / 47 N,409485 m E,446775 m S,2 m,4.0416356,98.1845776
,Binjai,DIVRE 1 MEDAN,Binjai timur,47 N / 47 N,444230 m E,398985 m S,29.52 m,3.6085553,98.497826
,Kualanamo,DIVRE 1 MEDAN,Beringin,47 N / 47 N,486465 m E,401715 m S,3 m,3.6343845,98.878121
,Ujungbaru,DIVRE 1 MEDAN,,47 N / 47 N,466675 m E,418585 m S,2 m,3.7869623,98.699867
,Kebunladas,DIVRE 1 MEDAN,,47 N / 47 N,443445 m E,401940 m S,26 m,3.6362841,98.4907428
,Pungei,DIVRE 1 MEDAN,,47 N / 47 N,441975 m E,403790 m S,23 m,3.6530126,98.4774967
,Kualabegumit,DIVRE 1 MEDAN,,47 N / 47 N,438650 m E,406800 m S,17 m,3.6802247,98.4475399
,Kualabingai,DIVRE 1 MEDAN,Stabat,47 N / 47 N,436100 m E,410595 m S,18 m,3.7145415,98.4245556
,Kampungpantai,DIVRE 1 MEDAN,,47 N / 47 N,434525 m E,412955 m S,11 m,3.7358817,98.4103585
,Stabat,DIVRE 1 MEDAN,Wampu,47 N / 47 N,431285 m E,416265 m S,11 m,3.7658051,98.3811604
,Tanjungputus,DIVRE 1 MEDAN,,47 N / 47 N,428180 m E,420785 m S,6 m,3.8066742,98.3531679
,Tanjungslamet,DIVRE 1 MEDAN,Padang tualang,47 N / 47 N,425980 m E,423720 m S,8 m,3.8332099,98.3333345
,Kualapesilam,DIVRE 1 MEDAN,,47 N / 47 N,432285 m E,429190 m S,4 m,3.8827361,98.390083
,Tanjungpura,DIVRE 1 MEDAN,,47 N / 47 N,435135 m E,431040 m S,1 m,3.8994902,98.4157411
,Tanjungpura,DIVRE 1 MEDAN,Tanjung pura,47 N / 47 N,435775 m E,432335 m S,1 m,3.9112093,98.4214975
,Gebang,DIVRE 1 MEDAN,Gebang,47 N / 47 N,429200 m E,438415 m S,3 m,3.9661679,98.3622342
,Pangkalanbrandan,DIVRE 1 MEDAN,Babalan,47 N / 47 N,421265 m E,444605 m S,5 m,4.0221053,98.2907112
,Alurdua,DIVRE 1 MEDAN,,47 N / 47 N,421375 m E,443975 m S,7 m,4.0164071,98.291707
,Babalan,DIVRE 1 MEDAN,,47 N / 47 N,419875 m E,443395 m S,5 m,4.0111485,98.2781898
,Bukitmas,DIVRE 1 MEDAN,,47 N / 47 N,411090 m E,444800 m S,7 m,4.0237842,98.1990531
,Besitang,DIVRE 1 MEDAN,Besitang,47 N / 47 N,409595 m E,448680 m S,2 m,4.0424055,98.1855677
,Kruenggekueh,DIVRE 1 MEDAN,Dewantara,47 N / 47 N,280620 m E,579950 m S,9 m,5.2437086,97.020647
,Bungkaih,DIVRE 1 MEDAN,Muara batu,47 N / 47 N,274470 m E,581740 m S,7 m,5.2597136,96.9651296
,Kruengmane,DIVRE 1 MEDAN,,47 N / 47 N,269755 m E,580800 m S,16 m,5.2510751,96.9226348
,Kampungjuar,DIVRE II SUMBAR,,47 S / 47 M,657665 m E,9893170 m S,34 m,-0.963151,100.4169491
,Pauhlima,DIVRE II SUMBAR,Pauh,47 S / 47 M,659680 m E,9896305 m S,90 m,-0.9378642,100.4350438
,Indarung,DIVRE II SUMBAR,Lubuk Kilang,47 S / 47 M,663285 m E,9894960 m S,90 m,-0.9500152,100.4674
,Bukitputus,DIVRE II SUMBAR,Padang Timur,47 S / 47 M,654135 m E,9891030 m S,8 m,-0.9855948,100.3852401
,Padang,DIVRE II SUMBAR,Padang Timur,47 S / 47 M,652850 m E,9895860 m S,8 m,-0.9419138,100.3736763
,Tabing,DIVRE II SUMBAR,Tebing Tinggi,47 S / 47 M,649375 m E,9904170 m S,2 m,-0.8667639,100.3424244
,Duku,DIVRE II SUMBAR,Batang Anai,47 S / 47 M,646525 m E,9912980 m S,7 m,-0.7870875,100.3167899
,Parsarusan,DIVRE II SUMBAR,Batang Anai,47 S / 47 M,645835 m E,9918575 m S,12 m,-0.7364831,100.3105748
,Lubukalung,DIVRE II SUMBAR,Lubuk Alung,47 S / 47 M,643480 m E,9924900 m S,25 m,-0.6792798,100.289399
,Sicincin,DIVRE II SUMBAR,Padang Pariaman,47 S / 47 M,642210 m E,9937400 m S,89 m,-0.5662198,100.2779607
,Kayutanam,DIVRE II SUMBAR,Kayu Tanam,47 S / 47 M,648125 m E,9939400 m S,144 m,-0.5481181,100.3310109
,Kandangampat,DIVRE II SUMBAR,,47 S / 47 M,649015 m E,9944565 m S,311 m,-0.5013998,100.3390884
,Padangpanjang,DIVRE II SUMBAR,Padang Panjang,47 S / 47 M,655285 m E,9948760 m S,773 m,-0.4634459,100.3954136
,Kubukerambil,DIVRE II SUMBAR,Batipuh,47 S / 47 M,663280 m E,9946375 m S,647 m,-0.4850019,100.4672469
,Batubatal,DIVRE II SUMBAR,Batipuh Selatan,47 S / 47 M,669455 m E,9939875 m S,370 m,-0.5437762,100.522737
,Kacang,DIVRE II SUMBAR,X Koto Singkarak,47 S / 47 M,675170 m E,9932165 m S,369 m,-0.6134911,100.5740989
,Singkarak,DIVRE II SUMBAR,X Koto Singkarak,47 S / 47 M,678010 m E,9923445 m S,369 m,-0.692345,100.5996378
,Solok,DIVRE II SUMBAR,Tanjung Harat,47 S / 47 M,684280 m E,9912850 m S,398 m,-0.7881414,100.6560014
,Sungailasi,DIVRE II SUMBAR,IX Koto Sungai Lasi,47 S / 47 M,692820 m E,9914445 m S,332 m,-0.7736862,100.7327157
,Muarakalaban,DIVRE II SUMBAR,Silungkang,47 S / 47 M,698960 m E,9921245 m S,223 m,-0.7121717,100.7878484
,Sawahlunto,DIVRE II SUMBAR,Lembah Segar,47 S / 47 M,697745 m E,9924470 m S,262 m,-0.6830125,100.7769231
,Pauhambar,DIVRE II SUMBAR,Nan Sabaris,47 S / 47 M,635715 m E,9927995 m S,22 m,-0.651303,100.219822
,Kuraitaji,DIVRE II SUMBAR,Nan Sabaris,47 S / 47 M,630215 m E,9930015 m S,21 m,-0.6330431,100.1701984
,Pariaman,DIVRE II SUMBAR,Pariaman Tengah,47 S / 47 M,622440 m E,9930710 m S,2 m,-0.6267683,100.1165087
,Naras,DIVRE II SUMBAR,Pariaman Utara,47 S / 47 M,622165 m E,9936885 m S,4 m,-0.5709155,100.0978525
,PbrX5,DIVRE III PALEMBANG,Gelembung,48 S / 48 M,417175 m E,9623635 m S,45 m,-3.4047824,104.2543863
,Prabumulih,DIVRE III PALEMBANG,Prabumulih,48 S / 48 M,415675 m E,9620500 m S,43 m,-3.4331116,104.2408614
,Prabumulihbaru / X8,DIVRE III PALEMBANG,Prabumulih,48 S / 48 M,413825 m E,9619485 m S,46 m,-3.4422801,104.2242003
,Lembak,DIVRE III PALEMBANG,Gelembung,48 S / 48 M,426860 m E,9630550 m S,18 m,-3.3422703,104.3416114
,Karangendah,DIVRE III PALEMBANG,Gelembung,48 S / 48 M,432910 m E,9634790 m S,20 m,-3.3039483,104.3960932
,Glumbang,DIVRE III PALEMBANG,Gelembung,48 S / 48 M,437920 m E,9641160 m S,21 m,-3.2463481,104.4412209
,Serdang,DIVRE III PALEMBANG,Gelembung,48 S / 48 M,447020 m E,9644080 m S,16 m,-3.2199738,104.5231398
,Payakabung,DIVRE III PALEMBANG,Inderalaya,48 S / 48 M,456130 m E,9646380 m S,16 m,-3.1992014,104.8051432
,Pos IDR,DIVRE III PALEMBANG,Inderalaya,48 S / 48 M,460200 m E,9649155 m S,10 m,-3.1741099,104.6417839
,Simpang,DIVRE III PALEMBANG,Inderalaya,48 S / 48 M,466000 m E,9656855 m S,3 m,-3.104467,104.6904058
,Kertapati,DIVRE III PALEMBANG,Ilir Barat I,48 S / 48 M,472390 m E,9686550 m S,2 m,-3.0167703,104.7515346
,Penimur,DIVRE III PALEMBANG,Prabumulih,48 S / 48 M,406225 m E,9619070 m S,46 m,-3.4459758,104.155782
,Pos Blo Pnm,DIVRE III PALEMBANG,Rambang Dangku,48 S / 48 M,400740 m E,9618095 m S,33 m,-3.4547503,104.1063985
,Niru,DIVRE III PALEMBANG,Rambang Dangku,48 S / 48 M,396050 m E,9618230 m S,19 m,-3.4534883,104.064181
,Pos Blok Niru/PT. TEL,DIVRE III PALEMBANG,Rambang Dangku,48 S / 48 M,397335 m E,9618405 m S,25 m,-3.4518845,104.0433436
,Talangpadang,DIVRE III PALEMBANG,Gunung Megang,48 S / 48 M,390830 m E,9618620 m S,28 m,-3.4499129,104.0171957
,Blimbing Pendopo,DIVRE III PALEMBANG,Gunung Megang,48 S / 48 M,386220 m E,9619350 m S,25 m,-3.4432657,103.9757056
,Tanjung Terang,DIVRE III PALEMBANG,Gunung Megang,48 S / 48 M,381075 m E,9618000 m S,29 m,-3.4554259,103.9293798
,Gunung Megang,DIVRE III PALEMBANG,Gunung Megang,48 S / 48 M,374115 m E,9618140 m S,25 m,-3.4540865,103.8667321
,Penangaring,DIVRE III PALEMBANG,Gunung Megang,48 S / 48 M,368160 m E,9615040 m S,31 m,-3.4820804,103.8130953
,Ujanmas,DIVRE III PALEMBANG,Muaraenim Kota,48 S / 48 M,364090 m E,9609490 m S,36 m,-3.5322128,103.776395
,Muaragula,DIVRE III PALEMBANG,Muaraenim Kota,48 S / 48 M,364030 m E,9603540 m S,33 m,-3.5860209,103.7757838
,Muaraenim,DIVRE III PALEMBANG,Muaraenim Kota,48 S / 48 M,364080 m E,9596165 m S,37 m,-3.6527355,103.7761444
,Banjarsari,DIVRE III PALEMBANG,Merapi,48 S / 48 M,355450 m E,9593500 m S,47 m,-3.6767297,103.6984161
,Sukacinta,DIVRE III PALEMBANG,Pulau Pinang,48 S / 48 M,347360 m E,9582250 m S,78 m,-3.7783686,103.6254264
,Lahat,DIVRE III PALEMBANG,Lahat,48 S / 48 M,337580 m E,9580975 m S,112 m,-3.7897553,103.5373537
,Sukarame,DIVRE III PALEMBANG,Lahat,48 S / 48 M,328835 m E,9583430 m S,115 m,-3.7674161,103.4586599
,Bemban,DIVRE III PALEMBANG,Lahat,48 S / 48 M,322785 m E,9584230 m S,116 m,-3.7600829,103.4042069
,Bungamas,DIVRE III PALEMBANG,Lahat,48 S / 48 M,318770 m E,9590510 m S,82 m,-3.7032243,103.368167
,Muaraempayang,DIVRE III PALEMBANG,Kikim,48 S / 48 M,316600 m E,9594245 m S,80 m,-3.6694118,103.3488956
,Paduraksa,DIVRE III PALEMBANG,Kikim,48 S / 48 M,313325 m E,9595975 m S,92 m,-3.6537123,103.3192457
,Sukaraja,DIVRE III PALEMBANG,Kikim,48 S / 48 M,308085 m E,9594880 m S,102 m,-3.6635243,103.2720619
,Sungai Laru,DIVRE III PALEMBANG,Kikim,48 S / 48 M,302935 m E,9597100 m S,98 m,-3.6433588,103.2257473
,Saung Naga,DIVRE III PALEMBANG,Tebing Tinggi,48 S / 48 M,298800 m E,9598990 m S,90 m,-3.6261957,103.1892848
,Sungai Empayang,DIVRE III PALEMBANG,Tebing Tinggi,48 S / 48 M,291305 m E,9600855 m S,119 m,-3.6091928,103.1211449
,Tebingtinggi,DIVRE III PALEMBANG,Tebing Tinggi,48 S / 48 M,288895 m E,9603565 m S,105 m,-3.5846081,103.0815083
,Tanjung Enim,DIVRE III PALEMBANG,Tebing Tinggi,48 S / 48 M,284550 m E,9611070 m S,127 m,-3.5167032,103.060547
,Tabakebun,DIVRE III PALEMBANG,Tebing Tinggi,48 S / 48 M,284105 m E,9613935 m S,114 m,-3.4907802,103.0565962
,Muara Saling,DIVRE III PALEMBANG,Tebing Tinggi,48 S / 48 M,282410 m E,9620365 m S,91 m,-3.4326206,103.0414639
,Kotapadang,DIVRE III PALEMBANG,Kota Padang,48 S / 48 M,274140 m E,9621070 m S,107 m,-3.4260905,102.9670898
,Lubuk Blimbing,DIVRE III PALEMBANG,Kota Padang,48 S / 48 M,270445 m E,9623015 m S,142 m,-3.4084341,102.9338637
,Lubuk Beringin Baru,DIVRE III PALEMBANG,Kota Padang,48 S / 48 M,268845 m E,9625550 m S,141 m,-3.3854841,102.9195182
,Taba Pingin,DIVRE III PALEMBANG,Lubuk Linggau Timur,48 S / 48 M,266315 m E,9629200 m S,143 m,-3.3524356,102.8868284
,Lubuklinggau,DIVRE III PALEMBANG,Lubuk Linggau Barat,48 S / 48 M,262680 m E,9635710 m S,130 m,-3.2935096,102.8642551
,Tanjung Enim Baru,DIVRE III PALEMBANG,Muaraenim Kota,48 S / 48 M,366650 m E,9590210 m S,43 m,-3.7066294,103.7992097
,Indralaya,DIVRE III PALEMBANG,Inderalaya,48 S / 48 M,460290 m E,9645250 m S,16 m,-3.2094381,104.6425817
,Tarahan,DIVRE IV TANJUNG KARANG,Panjang,48 S / 48 M,537215 m E,9391720 m S,5 m,-5.5030357,105.3359781
,Sukaneganti,DIVRE IV TANJUNG KARANG,Panjang,48 S / 48 M,535865 m E,9395520 m S,6.5 m,-5.4686863,105.3237719
,Kilometertiga,DIVRE IV TANJUNG KARANG,Panjang,48 S / 48 M,534790 m E,9397220 m S,9 m,-5.4532927,105.3140594
,Garuntang,DIVRE IV TANJUNG KARANG,Panjang,48 S / 48 M,532315 m E,9399175 m S,6 m,-5.4356183,105.2917085
,Tanjungkarang,DIVRE IV TANJUNG KARANG,Tanjung Karang Timur,48 S / 48 M,528790 m E,9402125 m S,96 m,-5.4089459,105.2598771
,Labuan Ratu,DIVRE IV TANJUNG KARANG,Kedaton,48 S / 48 M,527960 m E,9406140 m S,108 m,-5.3726277,105.25237
,Gedung Ratu,DIVRE IV TANJUNG KARANG,Kedaton,48 S / 48 M,524830 m E,9409325 m S,117 m,-5.3438258,105.2241079
,Rejosari,DIVRE IV TANJUNG KARANG,Natar,48 S / 48 M,520840 m E,9414810 m S,104 m,-5.2942179,105.1880805
,Branti,DIVRE IV TANJUNG KARANG,Natar,48 S / 48 M,519800 m E,9419160 m S,87 m,-5.2548684,105.1786833
,Tegineneng,DIVRE IV TANJUNG KARANG,Natar,48 S / 48 M,519080 m E,9424970 m S,64 m,-5.20231,105.1721714
,Titipasan,DIVRE IV TANJUNG KARANG,Natar,48 S / 48 M,518140 m E,9429895 m S,64 m,-5.1595673,105.1636782
,Rengas,DIVRE IV TANJUNG KARANG,Gunung Sugih,48 S / 48 M,517130 m E,9432530 m S,54 m,-5.1339226,105.1545587
,Bekri,DIVRE IV TANJUNG KARANG,Gunung Sugih,48 S / 48 M,515085 m E,9439305 m S,48 m,-5.0726363,105.1360944
,Hajipemanggilan,DIVRE IV TANJUNG KARANG,Terbanggi Besar,48 S / 48 M,511840 m E,9447100 m S,45 m,-5.001236,105.1068071
,Sulusuban,DIVRE IV TANJUNG KARANG,Terbanggi Besar,48 S / 48 M,509220 m E,9453300 m S,45 m,-4.946038,105.0831654
,Blambangan Pagar,DIVRE IV TANJUNG KARANG,Abung Selatan,48 S / 48 M,504340 m E,9458910 m S,44 m,-4.8952904,105.0391443
,Kalibalangan,DIVRE IV TANJUNG KARANG,Abung Selatan,48 S / 48 M,496980 m E,9462075 m S,48 m,-4.8668583,104.9727625
,Candimas,DIVRE IV TANJUNG KARANG,Kota Bumi,48 S / 48 M,491700 m E,9463930 m S,49 m,-4.8498732,104.9251438
,Kotabumi,DIVRE IV TANJUNG KARANG,Kota Bumi,48 S / 48 M,488635 m E,9467010 m S,28 m,-4.8220032,104.8812721
,Cempaka,DIVRE IV TANJUNG KARANG,Sungai Selatan,48 S / 48 M,479999 m E,9470120 m S,59 m,-4.7938546,104.8195484
,Ketapang,DIVRE IV TANJUNG KARANG,Sungai Selatan,48 S / 48 M,477650 m E,9478575 m S,49 m,-4.7173594,104.7984685
,Negararatu,DIVRE IV TANJUNG KARANG,Sungai Utara,48 S / 48 M,470910 m E,9485275 m S,46 m,-4.6567268,104.7377164
,Tulungbuyut,DIVRE IV TANJUNG KARANG,Baradatu,48 S / 48 M,462755 m E,9488670 m S,81 m,-4.6259825,104.6842039
,Kalipapan,DIVRE IV TANJUNG KARANG,Baradatu,48 S / 48 M,460060 m E,9490045 m S,87 m,-4.6135315,104.6399127
,Negeriagung,DIVRE IV TANJUNG KARANG,Blambangan Umpu,48 S / 48 M,456310 m E,9494590 m S,46 m,-4.5723972,104.6061269
,Blambanganumpu,DIVRE IV TANJUNG KARANG,Blambangan Umpu,48 S / 48 M,446770 m E,9502780 m S,51 m,-4.4982545,104.5201728
,Gunungsangkaran,DIVRE IV TANJUNG KARANG,Blambangan Umpu,48 S / 48 M,444850 m E,9506100 m S,44 m,-4.4682088,104.5028863
,Giham,DIVRE IV TANJUNG KARANG,Blambangan Umpu,48 S / 48 M,443845 m E,9511360 m S,44 m,-4.4206184,104.49386
,Tanjungraja,DIVRE IV TANJUNG KARANG,Blambangan Umpu,48 S / 48 M,440350 m E,9512780 m S,43 m,-4.4077504,104.4623688
,Waytuba,DIVRE IV TANJUNG KARANG,Bahuga,48 S / 48 M,434740 m E,9515900 m S,81 m,-4.3794876,104.4118292
,Waypisang,DIVRE IV TANJUNG KARANG,Bahuga,48 S / 48 M,431960 m E,9519165 m S,87 m,-4.3499314,104.3867987
,Martapura,DIVRE IV TANJUNG KARANG,Martapura,48 S / 48 M,427510 m E,9522870 m S,87 m,-4.3163815,104.3467242
,Sungai Tuha,DIVRE IV TANJUNG KARANG,Martapura,48 S / 48 M,424510 m E,9526695 m S,98 m,-4.2817561,104.2849989
,Gilas,DIVRE IV TANJUNG KARANG,Martapura,48 S / 48 M,420655 m E,9528640 m S,107 m,-4.2641298,104.2489389
,Air Tuba,DIVRE IV TANJUNG KARANG,Baturaja Timur,48 S / 48 M,416160 m E,9533410 m S,86 m,-4.2209414,104.2445374
,Sepancar,DIVRE IV TANJUNG KARANG,Sosoh Buay Rayap,48 S / 48 M,412375 m E,9537435 m S,56 m,-4.1844974,104.2104704
,Kemelak,DIVRE IV TANJUNG KARANG,Baturaja Barat,48 S / 48 M,410120 m E,9539945 m S,50 m,-4.1617714,104.1901768
,Baturaja,DIVRE IV TANJUNG KARANG,Baturaja Barat,48 S / 48 M,406890 m E,9543740 m S,49 m,-4.1274128,104.1620134
,Tigagajah,DIVRE IV TANJUNG KARANG,Baturaja Barat,48 S / 48 M,407735 m E,9545575 m S,39 m,-4.1108207,104.1687424
,Lubukbatang,DIVRE IV TANJUNG KARANG,Peninjauan,48 S / 48 M,413155 m E,9551440 m S,19 m,-4.0578153,104.2176219
,Belatung,DIVRE IV TANJUNG KARANG,Peninjauan,48 S / 48 M,414375 m E,9554890 m S,38 m,-4.0266171,104.2286415
,Kepayang,DIVRE IV TANJUNG KARANG,Peninjauan,48 S / 48 M,418200 m E,9556510 m S,48 m,-4.0119944,104.2631105
,Blimbing ikaka,DIVRE IV TANJUNG KARANG,Peninjauan,48 S / 48 M,421400 m E,9558815 m S,33 m,-3.9911685,104.2919539
,Durian,DIVRE IV TANJUNG KARANG,Peninjauan,48 S / 48 M,423275 m E,9561400 m S,40 m,-3.9677984,104.3088629
,Lubukrukam,DIVRE IV TANJUNG KARANG,Peninjauan,48 S / 48 M,426790 m E,9565275 m S,32 m,-3.93277,104.3405522
,Paninjauan,DIVRE IV TANJUNG KARANG,Peninjauan,48 S / 48 M,430785 m E,9571140 m S,36 m,-3.8797409,104.3765753
,Talang Baru,DIVRE IV TANJUNG KARANG,Peninjauan,48 S / 48 M,429330 m E,9575095 m S,44 m,-3.8439529,104.3634972
,Metur,DIVRE IV TANJUNG KARANG,Peninjauan,48 S / 48 M,427285 m E,9580990 m S,35 m,-3.7906109,104.3451197
,Kotabaru,DIVRE IV TANJUNG KARANG,Rambanglubay,48 S / 48 M,425805 m E,9587550 m S,43 m,-3.7312589,104.3318365
,Pagaragung,DIVRE IV TANJUNG KARANG,Rambanglubay,48 S / 48 M,424180 m E,9592400 m S,26 m,-3.6873711,104.3172369
,Airasam,DIVRE IV TANJUNG KARANG,Rambanglubay,48 S / 48 M,422340 m E,9596830 m S,41 m,-3.6472833,104.3008896
,Sukamerindu,DIVRE IV TANJUNG KARANG,Rambanglubay,48 S / 48 M,419640 m E,9602430 m S,43 m,-3.5966051,104.2764285
,Tanjungrambang,DIVRE IV TANJUNG KARANG,Rambanglubay,48 S / 48 M,418005 m E,9608245 m S,20 m,-3.5439896,104.2617496
,Panjang,DIVRE IV TANJUNG KARANG,Panjang,48 S / 48 M,535245 m E,9396055 m S,3 m,-5.4638295,105.3181723
,Pidada,DIVRE IV TANJUNG KARANG,Panjang,48 S / 48 M,535000 m E,9396330 m S,3 m,-5.481343,105.3155983
